Source,Target,Type,Id,Label,Weight
1,2,Directed,1,,1.0
1,3,Directed,2,,1.0
1,4,Directed,3,,1.0
1,5,Directed,4,,1.0
2,6,Directed,5,,1.0
2,7,Directed,6,,1.0
2,8,Directed,7,,1.0
2,9,Directed,8,,1.0
2,10,Directed,9,,1.0
2,11,Directed,10,,1.0
2,12,Directed,11,,1.0
2,13,Directed,12,,1.0
2,4,Directed,13,,1.0
2,14,Directed,14,,1.0
2,15,Directed,15,,1.0
2,16,Directed,16,,1.0
2,17,Directed,17,,1.0
3,18,Directed,18,,1.0
3,19,Directed,19,,1.0
3,20,Directed,20,,1.0
3,21,Directed,21,,1.0
3,22,Directed,22,,1.0
3,23,Directed,23,,1.0
3,24,Directed,24,,1.0
3,25,Directed,25,,1.0
3,26,Directed,26,,1.0
3,27,Directed,27,,1.0
3,28,Directed,28,,1.0
3,29,Directed,29,,1.0
3,30,Directed,30,,1.0
3,31,Directed,31,,1.0
3,32,Directed,32,,1.0
3,33,Directed,33,,1.0
3,34,Directed,34,,1.0
3,35,Directed,35,,1.0
3,36,Directed,36,,1.0
3,37,Directed,37,,1.0
3,38,Directed,38,,1.0
3,39,Directed,39,,1.0
3,40,Directed,40,,1.0
3,41,Directed,41,,1.0
3,42,Directed,42,,1.0
3,43,Directed,43,,1.0
3,44,Directed,44,,1.0
3,45,Directed,45,,1.0
3,46,Directed,46,,1.0
3,47,Directed,47,,1.0
3,48,Directed,48,,1.0
3,49,Directed,49,,1.0
3,50,Directed,50,,1.0
3,51,Directed,51,,1.0
3,52,Directed,52,,1.0
3,53,Directed,53,,1.0
3,54,Directed,54,,1.0
3,55,Directed,55,,1.0
3,56,Directed,56,,1.0
3,57,Directed,57,,1.0
3,58,Directed,58,,1.0
3,59,Directed,59,,1.0
3,60,Directed,60,,1.0
3,61,Directed,61,,1.0
3,62,Directed,62,,1.0
3,63,Directed,63,,1.0
3,64,Directed,64,,1.0
3,65,Directed,65,,1.0
3,66,Directed,66,,1.0
3,67,Directed,67,,1.0
3,68,Directed,68,,1.0
3,69,Directed,69,,1.0
3,70,Directed,70,,1.0
3,71,Directed,71,,1.0
3,72,Directed,72,,1.0
3,73,Directed,73,,1.0
3,74,Directed,74,,1.0
3,75,Directed,75,,1.0
3,76,Directed,76,,1.0
3,77,Directed,77,,1.0
3,78,Directed,78,,1.0
4,7,Directed,79,,1.0
4,79,Directed,80,,1.0
4,80,Directed,81,,1.0
4,81,Directed,82,,1.0
4,9,Directed,83,,1.0
4,82,Directed,84,,1.0
4,83,Directed,85,,1.0
4,15,Directed,86,,1.0
4,84,Directed,87,,1.0
4,85,Directed,88,,1.0
5,86,Directed,89,,1.0
5,2,Directed,90,,1.0
5,87,Directed,91,,1.0
5,88,Directed,92,,1.0
5,10,Directed,93,,1.0
5,89,Directed,94,,1.0
5,90,Directed,95,,1.0
5,4,Directed,96,,1.0
5,91,Directed,97,,1.0
5,92,Directed,98,,1.0
5,93,Directed,99,,1.0
6,94,Directed,100,,1.0
6,95,Directed,101,,1.0
6,96,Directed,102,,1.0
6,97,Directed,103,,1.0
6,98,Directed,104,,1.0
6,99,Directed,105,,1.0
6,12,Directed,106,,1.0
6,100,Directed,107,,1.0
6,101,Directed,108,,1.0
6,16,Directed,109,,1.0
6,92,Directed,110,,1.0
6,102,Directed,111,,1.0
6,103,Directed,112,,1.0
6,104,Directed,113,,1.0
7,105,Directed,114,,1.0
7,2,Directed,115,,1.0
7,106,Directed,116,,1.0
7,107,Directed,117,,1.0
7,4,Directed,118,,1.0
9,108,Directed,119,,1.0
9,109,Directed,120,,1.0
9,92,Directed,121,,1.0
9,110,Directed,122,,1.0
10,2,Directed,123,,1.0
10,111,Directed,124,,1.0
10,91,Directed,125,,1.0
10,4,Directed,126,,1.0
10,112,Directed,127,,1.0
10,92,Directed,128,,1.0
10,113,Directed,129,,1.0
11,114,Directed,130,,1.0
11,115,Directed,131,,1.0
11,108,Directed,132,,1.0
11,116,Directed,133,,1.0
11,117,Directed,134,,1.0
11,118,Directed,135,,1.0
11,119,Directed,136,,1.0
11,120,Directed,137,,1.0
11,121,Directed,138,,1.0
11,122,Directed,139,,1.0
11,123,Directed,140,,1.0
11,124,Directed,141,,1.0
11,125,Directed,142,,1.0
11,126,Directed,143,,1.0
12,127,Directed,144,,1.0
12,128,Directed,145,,1.0
12,95,Directed,146,,1.0
12,129,Directed,147,,1.0
12,130,Directed,148,,1.0
12,131,Directed,149,,1.0
12,132,Directed,150,,1.0
12,133,Directed,151,,1.0
12,134,Directed,152,,1.0
12,135,Directed,153,,1.0
12,136,Directed,154,,1.0
12,137,Directed,155,,1.0
13,2,Directed,156,,1.0
13,12,Directed,157,,1.0
13,138,Directed,158,,1.0
13,16,Directed,159,,1.0
13,139,Directed,160,,1.0
13,93,Directed,161,,1.0
13,140,Directed,162,,1.0
14,141,Directed,163,,1.0
14,142,Directed,164,,1.0
14,143,Directed,165,,1.0
15,6,Directed,166,,1.0
15,144,Directed,167,,1.0
15,9,Directed,168,,1.0
15,145,Directed,169,,1.0
15,111,Directed,170,,1.0
15,106,Directed,171,,1.0
15,12,Directed,172,,1.0
15,146,Directed,173,,1.0
15,147,Directed,174,,1.0
15,17,Directed,175,,1.0
15,2,Directed,176,,1.0
15,148,Directed,177,,1.0
15,149,Directed,178,,1.0
15,150,Directed,179,,1.0
15,151,Directed,180,,1.0
15,132,Directed,181,,1.0
15,10,Directed,182,,1.0
15,152,Directed,183,,1.0
15,4,Directed,184,,1.0
15,153,Directed,185,,1.0
15,154,Directed,186,,1.0
15,155,Directed,187,,1.0
16,86,Directed,188,,1.0
16,2,Directed,189,,1.0
16,87,Directed,190,,1.0
16,88,Directed,191,,1.0
16,10,Directed,192,,1.0
16,89,Directed,193,,1.0
16,90,Directed,194,,1.0
16,4,Directed,195,,1.0
16,91,Directed,196,,1.0
16,92,Directed,197,,1.0
16,93,Directed,198,,1.0
17,94,Directed,199,,1.0
17,156,Directed,200,,1.0
17,9,Directed,201,,1.0
17,83,Directed,202,,1.0
17,157,Directed,203,,1.0
17,11,Directed,204,,1.0
17,16,Directed,205,,1.0
17,158,Directed,206,,1.0
17,159,Directed,207,,1.0
17,92,Directed,208,,1.0
18,160,Directed,209,,1.0
18,161,Directed,210,,1.0
18,162,Directed,211,,1.0
18,163,Directed,212,,1.0
18,164,Directed,213,,1.0
18,165,Directed,214,,1.0
18,166,Directed,215,,1.0
18,167,Directed,216,,1.0
18,168,Directed,217,,1.0
18,169,Directed,218,,1.0
18,170,Directed,219,,1.0
18,171,Directed,220,,1.0
18,172,Directed,221,,1.0
18,173,Directed,222,,1.0
18,32,Directed,223,,1.0
19,174,Directed,224,,1.0
19,175,Directed,225,,1.0
19,176,Directed,226,,1.0
19,177,Directed,227,,1.0
19,178,Directed,228,,1.0
19,179,Directed,229,,1.0
19,180,Directed,230,,1.0
19,181,Directed,231,,1.0
19,182,Directed,232,,1.0
19,183,Directed,233,,1.0
19,27,Directed,234,,1.0
19,184,Directed,235,,1.0
19,185,Directed,236,,1.0
19,186,Directed,237,,1.0
19,187,Directed,238,,1.0
19,188,Directed,239,,1.0
19,189,Directed,240,,1.0
19,190,Directed,241,,1.0
19,191,Directed,242,,1.0
19,192,Directed,243,,1.0
19,193,Directed,244,,1.0
19,194,Directed,245,,1.0
19,195,Directed,246,,1.0
19,196,Directed,247,,1.0
19,197,Directed,248,,1.0
19,198,Directed,249,,1.0
19,199,Directed,250,,1.0
19,200,Directed,251,,1.0
19,201,Directed,252,,1.0
19,202,Directed,253,,1.0
19,203,Directed,254,,1.0
19,204,Directed,255,,1.0
19,205,Directed,256,,1.0
19,206,Directed,257,,1.0
19,207,Directed,258,,1.0
19,208,Directed,259,,1.0
19,209,Directed,260,,1.0
19,210,Directed,261,,1.0
19,211,Directed,262,,1.0
19,212,Directed,263,,1.0
19,213,Directed,264,,1.0
19,214,Directed,265,,1.0
19,215,Directed,266,,1.0
19,216,Directed,267,,1.0
19,217,Directed,268,,1.0
19,218,Directed,269,,1.0
19,219,Directed,270,,1.0
19,220,Directed,271,,1.0
19,221,Directed,272,,1.0
19,222,Directed,273,,1.0
19,223,Directed,274,,1.0
19,224,Directed,275,,1.0
19,225,Directed,276,,1.0
19,226,Directed,277,,1.0
19,227,Directed,278,,1.0
19,228,Directed,279,,1.0
19,70,Directed,280,,1.0
19,229,Directed,281,,1.0
19,230,Directed,282,,1.0
20,231,Directed,283,,1.0
20,18,Directed,284,,1.0
20,232,Directed,285,,1.0
20,233,Directed,286,,1.0
20,234,Directed,287,,1.0
20,72,Directed,288,,1.0
20,71,Directed,289,,1.0
20,3,Directed,290,,1.0
20,66,Directed,291,,1.0
20,31,Directed,292,,1.0
20,235,Directed,293,,1.0
20,236,Directed,294,,1.0
21,237,Directed,295,,1.0
21,238,Directed,296,,1.0
21,239,Directed,297,,1.0
21,240,Directed,298,,1.0
21,241,Directed,299,,1.0
21,242,Directed,300,,1.0
21,243,Directed,301,,1.0
21,244,Directed,302,,1.0
21,245,Directed,303,,1.0
21,246,Directed,304,,1.0
21,58,Directed,305,,1.0
21,247,Directed,306,,1.0
21,248,Directed,307,,1.0
21,249,Directed,308,,1.0
21,250,Directed,309,,1.0
21,251,Directed,310,,1.0
21,252,Directed,311,,1.0
21,253,Directed,312,,1.0
21,254,Directed,313,,1.0
21,255,Directed,314,,1.0
21,256,Directed,315,,1.0
21,257,Directed,316,,1.0
21,258,Directed,317,,1.0
21,259,Directed,318,,1.0
21,260,Directed,319,,1.0
21,261,Directed,320,,1.0
21,262,Directed,321,,1.0
21,263,Directed,322,,1.0
21,264,Directed,323,,1.0
21,265,Directed,324,,1.0
21,266,Directed,325,,1.0
21,267,Directed,326,,1.0
21,268,Directed,327,,1.0
21,269,Directed,328,,1.0
21,3,Directed,329,,1.0
21,270,Directed,330,,1.0
21,271,Directed,331,,1.0
21,272,Directed,332,,1.0
21,273,Directed,333,,1.0
21,274,Directed,334,,1.0
23,275,Directed,335,,1.0
23,276,Directed,336,,1.0
23,277,Directed,337,,1.0
23,278,Directed,338,,1.0
23,279,Directed,339,,1.0
23,280,Directed,340,,1.0
23,281,Directed,341,,1.0
23,282,Directed,342,,1.0
23,283,Directed,343,,1.0
23,284,Directed,344,,1.0
23,285,Directed,345,,1.0
23,286,Directed,346,,1.0
23,287,Directed,347,,1.0
23,288,Directed,348,,1.0
23,289,Directed,349,,1.0
23,290,Directed,350,,1.0
23,291,Directed,351,,1.0
23,292,Directed,352,,1.0
23,293,Directed,353,,1.0
23,294,Directed,354,,1.0
23,295,Directed,355,,1.0
23,296,Directed,356,,1.0
23,297,Directed,357,,1.0
23,298,Directed,358,,1.0
23,299,Directed,359,,1.0
23,300,Directed,360,,1.0
23,301,Directed,361,,1.0
23,302,Directed,362,,1.0
23,303,Directed,363,,1.0
23,304,Directed,364,,1.0
23,305,Directed,365,,1.0
23,306,Directed,366,,1.0
23,307,Directed,367,,1.0
23,308,Directed,368,,1.0
23,309,Directed,369,,1.0
24,18,Directed,370,,1.0
24,310,Directed,371,,1.0
24,311,Directed,372,,1.0
24,165,Directed,373,,1.0
24,312,Directed,374,,1.0
24,313,Directed,375,,1.0
24,314,Directed,376,,1.0
24,168,Directed,377,,1.0
24,315,Directed,378,,1.0
24,316,Directed,379,,1.0
24,317,Directed,380,,1.0
24,318,Directed,381,,1.0
24,32,Directed,382,,1.0
24,319,Directed,383,,1.0
24,320,Directed,384,,1.0
24,321,Directed,385,,1.0
24,322,Directed,386,,1.0
24,323,Directed,387,,1.0
24,324,Directed,388,,1.0
24,63,Directed,389,,1.0
24,325,Directed,390,,1.0
24,163,Directed,391,,1.0
24,326,Directed,392,,1.0
24,327,Directed,393,,1.0
24,66,Directed,394,,1.0
24,328,Directed,395,,1.0
24,329,Directed,396,,1.0
24,166,Directed,397,,1.0
24,330,Directed,398,,1.0
24,331,Directed,399,,1.0
24,70,Directed,400,,1.0
24,3,Directed,401,,1.0
24,332,Directed,402,,1.0
24,333,Directed,403,,1.0
25,334,Directed,404,,1.0
25,335,Directed,405,,1.0
25,336,Directed,406,,1.0
25,76,Directed,407,,1.0
25,337,Directed,408,,1.0
25,338,Directed,409,,1.0
26,339,Directed,410,,1.0
26,340,Directed,411,,1.0
26,341,Directed,412,,1.0
26,342,Directed,413,,1.0
26,343,Directed,414,,1.0
26,344,Directed,415,,1.0
26,345,Directed,416,,1.0
26,346,Directed,417,,1.0
26,347,Directed,418,,1.0
26,348,Directed,419,,1.0
26,349,Directed,420,,1.0
26,350,Directed,421,,1.0
26,351,Directed,422,,1.0
26,352,Directed,423,,1.0
26,353,Directed,424,,1.0
26,354,Directed,425,,1.0
26,355,Directed,426,,1.0
26,356,Directed,427,,1.0
26,357,Directed,428,,1.0
26,358,Directed,429,,1.0
26,359,Directed,430,,1.0
26,360,Directed,431,,1.0
26,361,Directed,432,,1.0
26,362,Directed,433,,1.0
26,363,Directed,434,,1.0
26,364,Directed,435,,1.0
26,365,Directed,436,,1.0
26,366,Directed,437,,1.0
26,367,Directed,438,,1.0
26,368,Directed,439,,1.0
26,369,Directed,440,,1.0
26,65,Directed,441,,1.0
26,370,Directed,442,,1.0
26,371,Directed,443,,1.0
26,372,Directed,444,,1.0
26,373,Directed,445,,1.0
26,374,Directed,446,,1.0
26,375,Directed,447,,1.0
26,376,Directed,448,,1.0
26,377,Directed,449,,1.0
27,19,Directed,450,,1.0
27,378,Directed,451,,1.0
27,175,Directed,452,,1.0
27,379,Directed,453,,1.0
27,380,Directed,454,,1.0
27,381,Directed,455,,1.0
27,382,Directed,456,,1.0
27,383,Directed,457,,1.0
27,384,Directed,458,,1.0
27,385,Directed,459,,1.0
27,386,Directed,460,,1.0
27,387,Directed,461,,1.0
27,388,Directed,462,,1.0
27,389,Directed,463,,1.0
27,390,Directed,464,,1.0
27,229,Directed,465,,1.0
27,188,Directed,466,,1.0
27,391,Directed,467,,1.0
27,392,Directed,468,,1.0
27,393,Directed,469,,1.0
27,394,Directed,470,,1.0
27,395,Directed,471,,1.0
27,219,Directed,472,,1.0
28,396,Directed,473,,1.0
28,397,Directed,474,,1.0
28,398,Directed,475,,1.0
29,60,Directed,476,,1.0
29,399,Directed,477,,1.0
29,400,Directed,478,,1.0
29,401,Directed,479,,1.0
29,402,Directed,480,,1.0
29,317,Directed,481,,1.0
29,3,Directed,482,,1.0
29,403,Directed,483,,1.0
29,25,Directed,484,,1.0
29,404,Directed,485,,1.0
30,405,Directed,486,,1.0
30,406,Directed,487,,1.0
30,407,Directed,488,,1.0
30,408,Directed,489,,1.0
30,409,Directed,490,,1.0
30,410,Directed,491,,1.0
30,411,Directed,492,,1.0
30,412,Directed,493,,1.0
31,413,Directed,494,,1.0
31,414,Directed,495,,1.0
31,415,Directed,496,,1.0
32,416,Directed,497,,1.0
32,417,Directed,498,,1.0
32,418,Directed,499,,1.0
32,419,Directed,500,,1.0
32,420,Directed,501,,1.0
32,421,Directed,502,,1.0
32,162,Directed,503,,1.0
32,422,Directed,504,,1.0
32,423,Directed,505,,1.0
32,424,Directed,506,,1.0
32,425,Directed,507,,1.0
32,426,Directed,508,,1.0
32,427,Directed,509,,1.0
33,428,Directed,510,,1.0
33,36,Directed,511,,1.0
33,429,Directed,512,,1.0
33,430,Directed,513,,1.0
33,431,Directed,514,,1.0
33,432,Directed,515,,1.0
33,433,Directed,516,,1.0
33,434,Directed,517,,1.0
33,435,Directed,518,,1.0
33,436,Directed,519,,1.0
33,437,Directed,520,,1.0
33,438,Directed,521,,1.0
34,439,Directed,522,,1.0
34,321,Directed,523,,1.0
34,440,Directed,524,,1.0
34,441,Directed,525,,1.0
34,442,Directed,526,,1.0
34,443,Directed,527,,1.0
34,444,Directed,528,,1.0
34,445,Directed,529,,1.0
34,446,Directed,530,,1.0
35,3,Directed,531,,1.0
36,447,Directed,532,,1.0
36,448,Directed,533,,1.0
36,449,Directed,534,,1.0
36,450,Directed,535,,1.0
36,451,Directed,536,,1.0
36,452,Directed,537,,1.0
36,453,Directed,538,,1.0
36,454,Directed,539,,1.0
36,455,Directed,540,,1.0
36,456,Directed,541,,1.0
36,457,Directed,542,,1.0
36,458,Directed,543,,1.0
36,459,Directed,544,,1.0
36,460,Directed,545,,1.0
36,461,Directed,546,,1.0
36,462,Directed,547,,1.0
36,463,Directed,548,,1.0
36,464,Directed,549,,1.0
36,465,Directed,550,,1.0
36,466,Directed,551,,1.0
36,467,Directed,552,,1.0
36,468,Directed,553,,1.0
36,469,Directed,554,,1.0
36,470,Directed,555,,1.0
36,471,Directed,556,,1.0
36,472,Directed,557,,1.0
36,473,Directed,558,,1.0
36,474,Directed,559,,1.0
36,475,Directed,560,,1.0
36,476,Directed,561,,1.0
36,477,Directed,562,,1.0
36,478,Directed,563,,1.0
36,479,Directed,564,,1.0
36,480,Directed,565,,1.0
36,481,Directed,566,,1.0
36,482,Directed,567,,1.0
36,483,Directed,568,,1.0
36,484,Directed,569,,1.0
36,485,Directed,570,,1.0
36,486,Directed,571,,1.0
36,487,Directed,572,,1.0
36,488,Directed,573,,1.0
36,489,Directed,574,,1.0
36,490,Directed,575,,1.0
36,491,Directed,576,,1.0
36,312,Directed,577,,1.0
36,492,Directed,578,,1.0
36,493,Directed,579,,1.0
36,494,Directed,580,,1.0
36,495,Directed,581,,1.0
36,496,Directed,582,,1.0
36,497,Directed,583,,1.0
36,498,Directed,584,,1.0
36,499,Directed,585,,1.0
36,500,Directed,586,,1.0
36,501,Directed,587,,1.0
36,502,Directed,588,,1.0
36,503,Directed,589,,1.0
36,504,Directed,590,,1.0
36,505,Directed,591,,1.0
36,506,Directed,592,,1.0
36,507,Directed,593,,1.0
36,508,Directed,594,,1.0
36,509,Directed,595,,1.0
36,510,Directed,596,,1.0
36,511,Directed,597,,1.0
36,512,Directed,598,,1.0
36,513,Directed,599,,1.0
36,514,Directed,600,,1.0
36,515,Directed,601,,1.0
36,516,Directed,602,,1.0
36,517,Directed,603,,1.0
36,518,Directed,604,,1.0
36,519,Directed,605,,1.0
36,520,Directed,606,,1.0
36,521,Directed,607,,1.0
36,522,Directed,608,,1.0
36,523,Directed,609,,1.0
36,524,Directed,610,,1.0
36,525,Directed,611,,1.0
36,526,Directed,612,,1.0
36,527,Directed,613,,1.0
36,528,Directed,614,,1.0
36,529,Directed,615,,1.0
36,530,Directed,616,,1.0
36,531,Directed,617,,1.0
36,532,Directed,618,,1.0
36,533,Directed,619,,1.0
36,534,Directed,620,,1.0
37,535,Directed,621,,1.0
37,536,Directed,622,,1.0
37,537,Directed,623,,1.0
37,538,Directed,624,,1.0
37,402,Directed,625,,1.0
37,539,Directed,626,,1.0
38,540,Directed,627,,1.0
39,541,Directed,628,,1.0
39,542,Directed,629,,1.0
39,543,Directed,630,,1.0
39,544,Directed,631,,1.0
39,545,Directed,632,,1.0
39,65,Directed,633,,1.0
39,546,Directed,634,,1.0
39,547,Directed,635,,1.0
39,548,Directed,636,,1.0
39,549,Directed,637,,1.0
39,550,Directed,638,,1.0
39,551,Directed,639,,1.0
39,3,Directed,640,,1.0
39,552,Directed,641,,1.0
39,553,Directed,642,,1.0
39,554,Directed,643,,1.0
39,555,Directed,644,,1.0
39,78,Directed,645,,1.0
40,556,Directed,646,,1.0
40,557,Directed,647,,1.0
40,558,Directed,648,,1.0
40,559,Directed,649,,1.0
40,560,Directed,650,,1.0
40,561,Directed,651,,1.0
41,562,Directed,652,,1.0
41,563,Directed,653,,1.0
41,564,Directed,654,,1.0
41,565,Directed,655,,1.0
42,566,Directed,656,,1.0
43,567,Directed,657,,1.0
43,568,Directed,658,,1.0
43,569,Directed,659,,1.0
43,570,Directed,660,,1.0
43,571,Directed,661,,1.0
43,572,Directed,662,,1.0
43,573,Directed,663,,1.0
43,574,Directed,664,,1.0
43,575,Directed,665,,1.0
43,576,Directed,666,,1.0
43,577,Directed,667,,1.0
43,578,Directed,668,,1.0
43,579,Directed,669,,1.0
43,580,Directed,670,,1.0
43,581,Directed,671,,1.0
43,582,Directed,672,,1.0
43,583,Directed,673,,1.0
43,584,Directed,674,,1.0
43,585,Directed,675,,1.0
43,586,Directed,676,,1.0
45,587,Directed,677,,1.0
45,588,Directed,678,,1.0
45,537,Directed,679,,1.0
45,589,Directed,680,,1.0
45,590,Directed,681,,1.0
45,591,Directed,682,,1.0
45,592,Directed,683,,1.0
46,593,Directed,684,,1.0
46,594,Directed,685,,1.0
46,595,Directed,686,,1.0
47,540,Directed,687,,1.0
47,20,Directed,688,,1.0
47,434,Directed,689,,1.0
47,73,Directed,690,,1.0
48,596,Directed,691,,1.0
48,49,Directed,692,,1.0
48,597,Directed,693,,1.0
48,598,Directed,694,,1.0
50,599,Directed,695,,1.0
50,600,Directed,696,,1.0
50,601,Directed,697,,1.0
50,602,Directed,698,,1.0
50,603,Directed,699,,1.0
50,604,Directed,700,,1.0
50,605,Directed,701,,1.0
50,606,Directed,702,,1.0
50,607,Directed,703,,1.0
50,608,Directed,704,,1.0
50,609,Directed,705,,1.0
50,610,Directed,706,,1.0
50,611,Directed,707,,1.0
50,612,Directed,708,,1.0
50,613,Directed,709,,1.0
50,614,Directed,710,,1.0
50,615,Directed,711,,1.0
50,616,Directed,712,,1.0
50,617,Directed,713,,1.0
50,618,Directed,714,,1.0
50,619,Directed,715,,1.0
50,620,Directed,716,,1.0
50,621,Directed,717,,1.0
50,622,Directed,718,,1.0
50,623,Directed,719,,1.0
50,624,Directed,720,,1.0
50,625,Directed,721,,1.0
50,626,Directed,722,,1.0
50,627,Directed,723,,1.0
50,628,Directed,724,,1.0
51,629,Directed,725,,1.0
51,630,Directed,726,,1.0
51,631,Directed,727,,1.0
51,632,Directed,728,,1.0
51,633,Directed,729,,1.0
51,634,Directed,730,,1.0
51,635,Directed,731,,1.0
51,636,Directed,732,,1.0
51,637,Directed,733,,1.0
51,638,Directed,734,,1.0
51,639,Directed,735,,1.0
51,640,Directed,736,,1.0
51,641,Directed,737,,1.0
51,642,Directed,738,,1.0
51,643,Directed,739,,1.0
51,644,Directed,740,,1.0
51,645,Directed,741,,1.0
51,646,Directed,742,,1.0
51,647,Directed,743,,1.0
51,648,Directed,744,,1.0
51,649,Directed,745,,1.0
51,650,Directed,746,,1.0
51,651,Directed,747,,1.0
51,652,Directed,748,,1.0
51,653,Directed,749,,1.0
52,654,Directed,750,,1.0
52,655,Directed,751,,1.0
52,656,Directed,752,,1.0
52,657,Directed,753,,1.0
52,658,Directed,754,,1.0
52,659,Directed,755,,1.0
52,660,Directed,756,,1.0
52,661,Directed,757,,1.0
52,662,Directed,758,,1.0
52,663,Directed,759,,1.0
52,664,Directed,760,,1.0
52,665,Directed,761,,1.0
52,666,Directed,762,,1.0
52,667,Directed,763,,1.0
52,668,Directed,764,,1.0
52,669,Directed,765,,1.0
53,670,Directed,766,,1.0
53,671,Directed,767,,1.0
53,672,Directed,768,,1.0
53,673,Directed,769,,1.0
53,674,Directed,770,,1.0
53,675,Directed,771,,1.0
54,399,Directed,772,,1.0
54,676,Directed,773,,1.0
54,677,Directed,774,,1.0
54,678,Directed,775,,1.0
54,679,Directed,776,,1.0
54,680,Directed,777,,1.0
54,681,Directed,778,,1.0
54,682,Directed,779,,1.0
54,683,Directed,780,,1.0
54,684,Directed,781,,1.0
54,685,Directed,782,,1.0
54,686,Directed,783,,1.0
55,687,Directed,784,,1.0
55,688,Directed,785,,1.0
55,689,Directed,786,,1.0
55,690,Directed,787,,1.0
55,691,Directed,788,,1.0
55,692,Directed,789,,1.0
55,693,Directed,790,,1.0
55,694,Directed,791,,1.0
55,695,Directed,792,,1.0
55,696,Directed,793,,1.0
55,51,Directed,794,,1.0
55,697,Directed,795,,1.0
55,3,Directed,796,,1.0
55,698,Directed,797,,1.0
55,699,Directed,798,,1.0
55,700,Directed,799,,1.0
55,701,Directed,800,,1.0
56,702,Directed,801,,1.0
56,703,Directed,802,,1.0
56,704,Directed,803,,1.0
56,705,Directed,804,,1.0
56,706,Directed,805,,1.0
56,707,Directed,806,,1.0
56,708,Directed,807,,1.0
56,709,Directed,808,,1.0
56,710,Directed,809,,1.0
56,711,Directed,810,,1.0
56,712,Directed,811,,1.0
56,713,Directed,812,,1.0
56,714,Directed,813,,1.0
56,715,Directed,814,,1.0
56,716,Directed,815,,1.0
56,717,Directed,816,,1.0
56,718,Directed,817,,1.0
56,719,Directed,818,,1.0
56,720,Directed,819,,1.0
56,721,Directed,820,,1.0
56,722,Directed,821,,1.0
57,723,Directed,822,,1.0
57,724,Directed,823,,1.0
57,725,Directed,824,,1.0
57,726,Directed,825,,1.0
57,727,Directed,826,,1.0
57,728,Directed,827,,1.0
57,729,Directed,828,,1.0
57,730,Directed,829,,1.0
57,731,Directed,830,,1.0
57,732,Directed,831,,1.0
57,733,Directed,832,,1.0
57,734,Directed,833,,1.0
57,735,Directed,834,,1.0
57,736,Directed,835,,1.0
57,737,Directed,836,,1.0
57,738,Directed,837,,1.0
57,739,Directed,838,,1.0
57,740,Directed,839,,1.0
57,741,Directed,840,,1.0
57,742,Directed,841,,1.0
57,743,Directed,842,,1.0
57,744,Directed,843,,1.0
57,745,Directed,844,,1.0
57,746,Directed,845,,1.0
57,747,Directed,846,,1.0
57,748,Directed,847,,1.0
57,749,Directed,848,,1.0
58,750,Directed,849,,1.0
58,21,Directed,850,,1.0
58,751,Directed,851,,1.0
58,65,Directed,852,,1.0
58,56,Directed,853,,1.0
58,752,Directed,854,,1.0
59,37,Directed,855,,1.0
59,753,Directed,856,,1.0
60,754,Directed,857,,1.0
61,755,Directed,858,,1.0
61,600,Directed,859,,1.0
61,601,Directed,860,,1.0
61,756,Directed,861,,1.0
61,757,Directed,862,,1.0
61,604,Directed,863,,1.0
61,605,Directed,864,,1.0
61,758,Directed,865,,1.0
61,608,Directed,866,,1.0
61,607,Directed,867,,1.0
61,759,Directed,868,,1.0
61,610,Directed,869,,1.0
61,760,Directed,870,,1.0
61,761,Directed,871,,1.0
61,762,Directed,872,,1.0
61,763,Directed,873,,1.0
61,764,Directed,874,,1.0
61,615,Directed,875,,1.0
61,765,Directed,876,,1.0
61,616,Directed,877,,1.0
61,617,Directed,878,,1.0
61,766,Directed,879,,1.0
61,767,Directed,880,,1.0
61,618,Directed,881,,1.0
61,619,Directed,882,,1.0
61,768,Directed,883,,1.0
61,769,Directed,884,,1.0
61,770,Directed,885,,1.0
61,771,Directed,886,,1.0
61,772,Directed,887,,1.0
61,773,Directed,888,,1.0
61,774,Directed,889,,1.0
61,775,Directed,890,,1.0
61,776,Directed,891,,1.0
61,777,Directed,892,,1.0
61,628,Directed,893,,1.0
61,778,Directed,894,,1.0
61,599,Directed,895,,1.0
61,779,Directed,896,,1.0
61,780,Directed,897,,1.0
61,781,Directed,898,,1.0
61,782,Directed,899,,1.0
61,602,Directed,900,,1.0
61,603,Directed,901,,1.0
61,783,Directed,902,,1.0
61,784,Directed,903,,1.0
61,785,Directed,904,,1.0
61,786,Directed,905,,1.0
61,787,Directed,906,,1.0
61,50,Directed,907,,1.0
61,788,Directed,908,,1.0
61,789,Directed,909,,1.0
61,609,Directed,910,,1.0
61,606,Directed,911,,1.0
61,790,Directed,912,,1.0
61,791,Directed,913,,1.0
61,611,Directed,914,,1.0
61,612,Directed,915,,1.0
61,792,Directed,916,,1.0
61,613,Directed,917,,1.0
61,614,Directed,918,,1.0
61,793,Directed,919,,1.0
61,794,Directed,920,,1.0
61,795,Directed,921,,1.0
61,796,Directed,922,,1.0
61,797,Directed,923,,1.0
61,798,Directed,924,,1.0
61,799,Directed,925,,1.0
61,800,Directed,926,,1.0
61,620,Directed,927,,1.0
61,801,Directed,928,,1.0
61,622,Directed,929,,1.0
61,621,Directed,930,,1.0
61,623,Directed,931,,1.0
61,802,Directed,932,,1.0
61,803,Directed,933,,1.0
61,624,Directed,934,,1.0
61,804,Directed,935,,1.0
61,626,Directed,936,,1.0
61,625,Directed,937,,1.0
61,71,Directed,938,,1.0
61,74,Directed,939,,1.0
61,805,Directed,940,,1.0
61,627,Directed,941,,1.0
61,806,Directed,942,,1.0
61,807,Directed,943,,1.0
62,540,Directed,944,,1.0
62,808,Directed,945,,1.0
62,809,Directed,946,,1.0
62,810,Directed,947,,1.0
62,811,Directed,948,,1.0
62,812,Directed,949,,1.0
62,813,Directed,950,,1.0
63,814,Directed,951,,1.0
63,18,Directed,952,,1.0
63,815,Directed,953,,1.0
63,816,Directed,954,,1.0
63,817,Directed,955,,1.0
63,818,Directed,956,,1.0
63,819,Directed,957,,1.0
63,820,Directed,958,,1.0
63,821,Directed,959,,1.0
63,822,Directed,960,,1.0
63,823,Directed,961,,1.0
63,24,Directed,962,,1.0
63,824,Directed,963,,1.0
63,825,Directed,964,,1.0
63,826,Directed,965,,1.0
63,441,Directed,966,,1.0
63,827,Directed,967,,1.0
63,828,Directed,968,,1.0
63,829,Directed,969,,1.0
63,830,Directed,970,,1.0
63,831,Directed,971,,1.0
63,832,Directed,972,,1.0
63,32,Directed,973,,1.0
64,712,Directed,974,,1.0
64,65,Directed,975,,1.0
65,833,Directed,976,,1.0
65,834,Directed,977,,1.0
65,835,Directed,978,,1.0
65,836,Directed,979,,1.0
65,837,Directed,980,,1.0
65,838,Directed,981,,1.0
65,752,Directed,982,,1.0
65,839,Directed,983,,1.0
65,840,Directed,984,,1.0
65,841,Directed,985,,1.0
65,842,Directed,986,,1.0
65,843,Directed,987,,1.0
65,844,Directed,988,,1.0
65,845,Directed,989,,1.0
65,846,Directed,990,,1.0
65,847,Directed,991,,1.0
66,18,Directed,992,,1.0
66,848,Directed,993,,1.0
66,849,Directed,994,,1.0
66,850,Directed,995,,1.0
66,325,Directed,996,,1.0
66,851,Directed,997,,1.0
66,852,Directed,998,,1.0
66,853,Directed,999,,1.0
66,236,Directed,1000,,1.0
66,167,Directed,1001,,1.0
66,854,Directed,1002,,1.0
66,232,Directed,1003,,1.0
66,855,Directed,1004,,1.0
66,856,Directed,1005,,1.0
66,857,Directed,1006,,1.0
66,858,Directed,1007,,1.0
66,859,Directed,1008,,1.0
66,860,Directed,1009,,1.0
67,861,Directed,1010,,1.0
67,862,Directed,1011,,1.0
67,863,Directed,1012,,1.0
67,864,Directed,1013,,1.0
67,865,Directed,1014,,1.0
67,21,Directed,1015,,1.0
67,866,Directed,1016,,1.0
67,867,Directed,1017,,1.0
67,868,Directed,1018,,1.0
67,869,Directed,1019,,1.0
67,870,Directed,1020,,1.0
67,871,Directed,1021,,1.0
67,872,Directed,1022,,1.0
67,873,Directed,1023,,1.0
67,874,Directed,1024,,1.0
67,875,Directed,1025,,1.0
67,3,Directed,1026,,1.0
67,876,Directed,1027,,1.0
67,877,Directed,1028,,1.0
67,878,Directed,1029,,1.0
67,879,Directed,1030,,1.0
67,880,Directed,1031,,1.0
70,881,Directed,1032,,1.0
70,882,Directed,1033,,1.0
70,204,Directed,1034,,1.0
70,883,Directed,1035,,1.0
70,884,Directed,1036,,1.0
70,310,Directed,1037,,1.0
70,885,Directed,1038,,1.0
70,195,Directed,1039,,1.0
70,886,Directed,1040,,1.0
70,887,Directed,1041,,1.0
70,386,Directed,1042,,1.0
70,888,Directed,1043,,1.0
70,889,Directed,1044,,1.0
70,890,Directed,1045,,1.0
70,891,Directed,1046,,1.0
70,229,Directed,1047,,1.0
70,188,Directed,1048,,1.0
70,392,Directed,1049,,1.0
70,892,Directed,1050,,1.0
70,893,Directed,1051,,1.0
70,894,Directed,1052,,1.0
70,895,Directed,1053,,1.0
71,600,Directed,1054,,1.0
71,601,Directed,1055,,1.0
71,604,Directed,1056,,1.0
71,605,Directed,1057,,1.0
71,607,Directed,1058,,1.0
71,608,Directed,1059,,1.0
71,896,Directed,1060,,1.0
71,610,Directed,1061,,1.0
71,761,Directed,1062,,1.0
71,762,Directed,1063,,1.0
71,763,Directed,1064,,1.0
71,615,Directed,1065,,1.0
71,766,Directed,1066,,1.0
71,617,Directed,1067,,1.0
71,616,Directed,1068,,1.0
71,767,Directed,1069,,1.0
71,619,Directed,1070,,1.0
71,618,Directed,1071,,1.0
71,768,Directed,1072,,1.0
71,771,Directed,1073,,1.0
71,774,Directed,1074,,1.0
71,776,Directed,1075,,1.0
71,628,Directed,1076,,1.0
71,599,Directed,1077,,1.0
71,602,Directed,1078,,1.0
71,603,Directed,1079,,1.0
71,50,Directed,1080,,1.0
71,606,Directed,1081,,1.0
71,791,Directed,1082,,1.0
71,790,Directed,1083,,1.0
71,609,Directed,1084,,1.0
71,611,Directed,1085,,1.0
71,612,Directed,1086,,1.0
71,613,Directed,1087,,1.0
71,614,Directed,1088,,1.0
71,793,Directed,1089,,1.0
71,795,Directed,1090,,1.0
71,796,Directed,1091,,1.0
71,620,Directed,1092,,1.0
71,621,Directed,1093,,1.0
71,622,Directed,1094,,1.0
71,623,Directed,1095,,1.0
71,624,Directed,1096,,1.0
71,804,Directed,1097,,1.0
71,625,Directed,1098,,1.0
71,626,Directed,1099,,1.0
71,74,Directed,1100,,1.0
71,805,Directed,1101,,1.0
71,627,Directed,1102,,1.0
71,807,Directed,1103,,1.0
72,429,Directed,1104,,1.0
72,20,Directed,1105,,1.0
72,434,Directed,1106,,1.0
72,897,Directed,1107,,1.0
72,236,Directed,1108,,1.0
72,898,Directed,1109,,1.0
72,899,Directed,1110,,1.0
72,900,Directed,1111,,1.0
72,71,Directed,1112,,1.0
72,3,Directed,1113,,1.0
72,901,Directed,1114,,1.0
72,31,Directed,1115,,1.0
72,902,Directed,1116,,1.0
72,461,Directed,1117,,1.0
73,903,Directed,1118,,1.0
73,904,Directed,1119,,1.0
73,905,Directed,1120,,1.0
73,906,Directed,1121,,1.0
73,907,Directed,1122,,1.0
73,908,Directed,1123,,1.0
73,909,Directed,1124,,1.0
73,910,Directed,1125,,1.0
73,911,Directed,1126,,1.0
76,60,Directed,1127,,1.0
76,912,Directed,1128,,1.0
76,913,Directed,1129,,1.0
76,914,Directed,1130,,1.0
76,915,Directed,1131,,1.0
76,916,Directed,1132,,1.0
76,917,Directed,1133,,1.0
76,434,Directed,1134,,1.0
76,918,Directed,1135,,1.0
76,25,Directed,1136,,1.0
76,919,Directed,1137,,1.0
76,920,Directed,1138,,1.0
76,921,Directed,1139,,1.0
76,29,Directed,1140,,1.0
76,922,Directed,1141,,1.0
76,317,Directed,1142,,1.0
76,54,Directed,1143,,1.0
76,923,Directed,1144,,1.0
78,924,Directed,1145,,1.0
78,925,Directed,1146,,1.0
78,926,Directed,1147,,1.0
78,927,Directed,1148,,1.0
78,928,Directed,1149,,1.0
78,929,Directed,1150,,1.0
78,930,Directed,1151,,1.0
78,931,Directed,1152,,1.0
78,932,Directed,1153,,1.0
78,933,Directed,1154,,1.0
78,934,Directed,1155,,1.0
78,935,Directed,1156,,1.0
78,936,Directed,1157,,1.0
78,937,Directed,1158,,1.0
78,938,Directed,1159,,1.0
78,939,Directed,1160,,1.0
78,940,Directed,1161,,1.0
78,941,Directed,1162,,1.0
78,942,Directed,1163,,1.0
78,943,Directed,1164,,1.0
78,944,Directed,1165,,1.0
78,945,Directed,1166,,1.0
78,946,Directed,1167,,1.0
78,947,Directed,1168,,1.0
78,39,Directed,1169,,1.0
78,948,Directed,1170,,1.0
78,949,Directed,1171,,1.0
78,950,Directed,1172,,1.0
78,951,Directed,1173,,1.0
78,952,Directed,1174,,1.0
78,953,Directed,1175,,1.0
78,954,Directed,1176,,1.0
78,955,Directed,1177,,1.0
78,956,Directed,1178,,1.0
78,957,Directed,1179,,1.0
78,958,Directed,1180,,1.0
78,959,Directed,1181,,1.0
78,960,Directed,1182,,1.0
78,961,Directed,1183,,1.0
78,962,Directed,1184,,1.0
78,3,Directed,1185,,1.0
78,963,Directed,1186,,1.0
78,964,Directed,1187,,1.0
78,965,Directed,1188,,1.0
78,966,Directed,1189,,1.0
78,967,Directed,1190,,1.0
78,968,Directed,1191,,1.0
79,969,Directed,1192,,1.0
80,970,Directed,1193,,1.0
80,971,Directed,1194,,1.0
80,972,Directed,1195,,1.0
80,973,Directed,1196,,1.0
80,118,Directed,1197,,1.0
80,974,Directed,1198,,1.0
80,4,Directed,1199,,1.0
80,975,Directed,1200,,1.0
80,976,Directed,1201,,1.0
81,977,Directed,1202,,1.0
81,978,Directed,1203,,1.0
81,979,Directed,1204,,1.0
81,980,Directed,1205,,1.0
81,981,Directed,1206,,1.0
81,982,Directed,1207,,1.0
81,983,Directed,1208,,1.0
81,984,Directed,1209,,1.0
81,985,Directed,1210,,1.0
81,986,Directed,1211,,1.0
81,987,Directed,1212,,1.0
81,988,Directed,1213,,1.0
81,139,Directed,1214,,1.0
81,989,Directed,1215,,1.0
81,990,Directed,1216,,1.0
81,12,Directed,1217,,1.0
81,991,Directed,1218,,1.0
81,992,Directed,1219,,1.0
81,993,Directed,1220,,1.0
81,994,Directed,1221,,1.0
81,995,Directed,1222,,1.0
81,996,Directed,1223,,1.0
81,997,Directed,1224,,1.0
81,998,Directed,1225,,1.0
81,999,Directed,1226,,1.0
82,1000,Directed,1227,,1.0
82,1001,Directed,1228,,1.0
82,1002,Directed,1229,,1.0
82,1003,Directed,1230,,1.0
82,1004,Directed,1231,,1.0
82,1005,Directed,1232,,1.0
82,1006,Directed,1233,,1.0
82,1007,Directed,1234,,1.0
82,1008,Directed,1235,,1.0
82,1009,Directed,1236,,1.0
82,1010,Directed,1237,,1.0
82,1011,Directed,1238,,1.0
82,1012,Directed,1239,,1.0
82,4,Directed,1240,,1.0
82,1013,Directed,1241,,1.0
82,1014,Directed,1242,,1.0
83,1015,Directed,1243,,1.0
83,1016,Directed,1244,,1.0
83,106,Directed,1245,,1.0
83,1017,Directed,1246,,1.0
83,1018,Directed,1247,,1.0
83,1019,Directed,1248,,1.0
83,1020,Directed,1249,,1.0
83,1021,Directed,1250,,1.0
83,17,Directed,1251,,1.0
83,1022,Directed,1252,,1.0
84,1023,Directed,1253,,1.0
84,1024,Directed,1254,,1.0
84,1025,Directed,1255,,1.0
84,1026,Directed,1256,,1.0
85,7,Directed,1257,,1.0
85,80,Directed,1258,,1.0
85,9,Directed,1259,,1.0
85,1019,Directed,1260,,1.0
85,1027,Directed,1261,,1.0
85,1028,Directed,1262,,1.0
85,79,Directed,1263,,1.0
85,1029,Directed,1264,,1.0
85,81,Directed,1265,,1.0
85,82,Directed,1266,,1.0
85,1030,Directed,1267,,1.0
85,83,Directed,1268,,1.0
85,15,Directed,1269,,1.0
85,84,Directed,1270,,1.0
86,1031,Directed,1271,,1.0
86,1032,Directed,1272,,1.0
86,1033,Directed,1273,,1.0
86,1034,Directed,1274,,1.0
86,1035,Directed,1275,,1.0
87,1036,Directed,1276,,1.0
87,1037,Directed,1277,,1.0
87,1038,Directed,1278,,1.0
87,1039,Directed,1279,,1.0
87,1040,Directed,1280,,1.0
87,16,Directed,1281,,1.0
87,1041,Directed,1282,,1.0
87,136,Directed,1283,,1.0
88,2,Directed,1284,,1.0
88,3,Directed,1285,,1.0
88,4,Directed,1286,,1.0
88,5,Directed,1287,,1.0
89,1042,Directed,1288,,1.0
89,1043,Directed,1289,,1.0
89,1044,Directed,1290,,1.0
89,1045,Directed,1291,,1.0
89,1046,Directed,1292,,1.0
89,1047,Directed,1293,,1.0
89,1048,Directed,1294,,1.0
89,1049,Directed,1295,,1.0
89,1050,Directed,1296,,1.0
89,1051,Directed,1297,,1.0
89,1052,Directed,1298,,1.0
90,127,Directed,1299,,1.0
90,128,Directed,1300,,1.0
90,95,Directed,1301,,1.0
90,129,Directed,1302,,1.0
90,130,Directed,1303,,1.0
90,131,Directed,1304,,1.0
90,132,Directed,1305,,1.0
90,133,Directed,1306,,1.0
90,134,Directed,1307,,1.0
90,135,Directed,1308,,1.0
90,136,Directed,1309,,1.0
90,137,Directed,1310,,1.0
91,2,Directed,1311,,1.0
91,3,Directed,1312,,1.0
91,4,Directed,1313,,1.0
91,5,Directed,1314,,1.0
92,6,Directed,1315,,1.0
92,9,Directed,1316,,1.0
92,106,Directed,1317,,1.0
92,111,Directed,1318,,1.0
92,12,Directed,1319,,1.0
92,146,Directed,1320,,1.0
92,17,Directed,1321,,1.0
92,2,Directed,1322,,1.0
92,10,Directed,1323,,1.0
92,152,Directed,1324,,1.0
92,4,Directed,1325,,1.0
92,154,Directed,1326,,1.0
92,153,Directed,1327,,1.0
92,155,Directed,1328,,1.0
93,94,Directed,1329,,1.0
93,96,Directed,1330,,1.0
93,97,Directed,1331,,1.0
93,12,Directed,1332,,1.0
93,100,Directed,1333,,1.0
93,101,Directed,1334,,1.0
93,16,Directed,1335,,1.0
93,92,Directed,1336,,1.0
93,102,Directed,1337,,1.0
93,103,Directed,1338,,1.0
93,104,Directed,1339,,1.0
94,1053,Directed,1340,,1.0
94,1054,Directed,1341,,1.0
94,2,Directed,1342,,1.0
94,1055,Directed,1343,,1.0
94,88,Directed,1344,,1.0
94,3,Directed,1345,,1.0
94,4,Directed,1346,,1.0
94,5,Directed,1347,,1.0
94,91,Directed,1348,,1.0
94,1056,Directed,1349,,1.0
94,1057,Directed,1350,,1.0
94,1,Directed,1351,,1.0
94,1058,Directed,1352,,1.0
95,94,Directed,1353,,1.0
95,96,Directed,1354,,1.0
95,97,Directed,1355,,1.0
95,12,Directed,1356,,1.0
95,100,Directed,1357,,1.0
95,101,Directed,1358,,1.0
95,16,Directed,1359,,1.0
95,92,Directed,1360,,1.0
95,102,Directed,1361,,1.0
95,103,Directed,1362,,1.0
95,104,Directed,1363,,1.0
96,1059,Directed,1364,,1.0
96,1060,Directed,1365,,1.0
96,93,Directed,1366,,1.0
96,104,Directed,1367,,1.0
97,1061,Directed,1368,,1.0
97,1062,Directed,1369,,1.0
97,1063,Directed,1370,,1.0
97,1064,Directed,1371,,1.0
97,1065,Directed,1372,,1.0
97,1066,Directed,1373,,1.0
98,94,Directed,1374,,1.0
98,96,Directed,1375,,1.0
98,97,Directed,1376,,1.0
98,12,Directed,1377,,1.0
98,100,Directed,1378,,1.0
98,101,Directed,1379,,1.0
98,16,Directed,1380,,1.0
98,92,Directed,1381,,1.0
98,102,Directed,1382,,1.0
98,103,Directed,1383,,1.0
98,104,Directed,1384,,1.0
100,6,Directed,1385,,1.0
100,127,Directed,1386,,1.0
100,7,Directed,1387,,1.0
100,8,Directed,1388,,1.0
100,9,Directed,1389,,1.0
100,12,Directed,1390,,1.0
100,1067,Directed,1391,,1.0
100,1068,Directed,1392,,1.0
100,17,Directed,1393,,1.0
100,2,Directed,1394,,1.0
100,10,Directed,1395,,1.0
100,11,Directed,1396,,1.0
100,13,Directed,1397,,1.0
100,4,Directed,1398,,1.0
100,14,Directed,1399,,1.0
100,16,Directed,1400,,1.0
100,15,Directed,1401,,1.0
101,1069,Directed,1402,,1.0
101,97,Directed,1403,,1.0
101,91,Directed,1404,,1.0
101,16,Directed,1405,,1.0
101,93,Directed,1406,,1.0
102,128,Directed,1407,,1.0
102,1070,Directed,1408,,1.0
102,2,Directed,1409,,1.0
102,111,Directed,1410,,1.0
102,91,Directed,1411,,1.0
102,4,Directed,1412,,1.0
102,112,Directed,1413,,1.0
102,1071,Directed,1414,,1.0
102,92,Directed,1415,,1.0
102,113,Directed,1416,,1.0
103,2,Directed,1417,,1.0
103,3,Directed,1418,,1.0
103,4,Directed,1419,,1.0
103,5,Directed,1420,,1.0
104,97,Directed,1421,,1.0
104,1072,Directed,1422,,1.0
104,1073,Directed,1423,,1.0
105,1074,Directed,1424,,1.0
105,1075,Directed,1425,,1.0
106,1076,Directed,1426,,1.0
106,1077,Directed,1427,,1.0
106,1078,Directed,1428,,1.0
106,1079,Directed,1429,,1.0
106,1080,Directed,1430,,1.0
106,1081,Directed,1431,,1.0
106,89,Directed,1432,,1.0
106,91,Directed,1433,,1.0
106,1082,Directed,1434,,1.0
106,92,Directed,1435,,1.0
106,1083,Directed,1436,,1.0
106,1084,Directed,1437,,1.0
106,86,Directed,1438,,1.0
106,2,Directed,1439,,1.0
106,87,Directed,1440,,1.0
106,1085,Directed,1441,,1.0
106,88,Directed,1442,,1.0
106,1086,Directed,1443,,1.0
106,10,Directed,1444,,1.0
106,1087,Directed,1445,,1.0
106,90,Directed,1446,,1.0
106,4,Directed,1447,,1.0
106,5,Directed,1448,,1.0
106,16,Directed,1449,,1.0
106,93,Directed,1450,,1.0
106,1088,Directed,1451,,1.0
107,995,Directed,1452,,1.0
107,9,Directed,1453,,1.0
107,1089,Directed,1454,,1.0
107,146,Directed,1455,,1.0
107,1090,Directed,1456,,1.0
107,1091,Directed,1457,,1.0
107,1092,Directed,1458,,1.0
108,1093,Directed,1459,,1.0
108,1094,Directed,1460,,1.0
108,9,Directed,1461,,1.0
108,158,Directed,1462,,1.0
108,92,Directed,1463,,1.0
108,159,Directed,1464,,1.0
108,17,Directed,1465,,1.0
108,94,Directed,1466,,1.0
108,156,Directed,1467,,1.0
108,1095,Directed,1468,,1.0
108,83,Directed,1469,,1.0
108,157,Directed,1470,,1.0
108,11,Directed,1471,,1.0
108,16,Directed,1472,,1.0
109,115,Directed,1473,,1.0
109,1096,Directed,1474,,1.0
109,121,Directed,1475,,1.0
109,122,Directed,1476,,1.0
109,126,Directed,1477,,1.0
109,108,Directed,1478,,1.0
109,1097,Directed,1479,,1.0
109,1098,Directed,1480,,1.0
109,124,Directed,1481,,1.0
109,1099,Directed,1482,,1.0
109,1100,Directed,1483,,1.0
109,1101,Directed,1484,,1.0
109,1102,Directed,1485,,1.0
109,1021,Directed,1486,,1.0
109,125,Directed,1487,,1.0
109,1103,Directed,1488,,1.0
109,114,Directed,1489,,1.0
109,116,Directed,1490,,1.0
109,117,Directed,1491,,1.0
109,119,Directed,1492,,1.0
109,120,Directed,1493,,1.0
109,1104,Directed,1494,,1.0
109,1105,Directed,1495,,1.0
109,1106,Directed,1496,,1.0
109,123,Directed,1497,,1.0
110,108,Directed,1498,,1.0
110,1107,Directed,1499,,1.0
110,109,Directed,1500,,1.0
110,92,Directed,1501,,1.0
110,1108,Directed,1502,,1.0
110,1109,Directed,1503,,1.0
111,1110,Directed,1504,,1.0
111,87,Directed,1505,,1.0
111,1111,Directed,1506,,1.0
111,10,Directed,1507,,1.0
111,90,Directed,1508,,1.0
111,146,Directed,1509,,1.0
111,158,Directed,1510,,1.0
111,92,Directed,1511,,1.0
111,1112,Directed,1512,,1.0
112,1113,Directed,1513,,1.0
112,1114,Directed,1514,,1.0
112,1115,Directed,1515,,1.0
112,1116,Directed,1516,,1.0
112,1117,Directed,1517,,1.0
112,1118,Directed,1518,,1.0
112,1119,Directed,1519,,1.0
112,1120,Directed,1520,,1.0
112,1121,Directed,1521,,1.0
112,1122,Directed,1522,,1.0
112,1123,Directed,1523,,1.0
112,1124,Directed,1524,,1.0
112,1125,Directed,1525,,1.0
112,1126,Directed,1526,,1.0
112,1127,Directed,1527,,1.0
113,1128,Directed,1528,,1.0
113,116,Directed,1529,,1.0
113,1129,Directed,1530,,1.0
113,16,Directed,1531,,1.0
113,125,Directed,1532,,1.0
114,1130,Directed,1533,,1.0
114,1131,Directed,1534,,1.0
114,1132,Directed,1535,,1.0
115,1133,Directed,1536,,1.0
115,1134,Directed,1537,,1.0
115,1135,Directed,1538,,1.0
115,119,Directed,1539,,1.0
115,1136,Directed,1540,,1.0
115,109,Directed,1541,,1.0
115,1137,Directed,1542,,1.0
115,1138,Directed,1543,,1.0
115,1139,Directed,1544,,1.0
116,94,Directed,1545,,1.0
116,1140,Directed,1546,,1.0
116,12,Directed,1547,,1.0
116,11,Directed,1548,,1.0
116,158,Directed,1549,,1.0
116,17,Directed,1550,,1.0
117,1141,Directed,1551,,1.0
117,1142,Directed,1552,,1.0
117,1143,Directed,1553,,1.0
117,1144,Directed,1554,,1.0
117,1145,Directed,1555,,1.0
117,1146,Directed,1556,,1.0
118,1147,Directed,1557,,1.0
118,1148,Directed,1558,,1.0
118,1149,Directed,1559,,1.0
118,1150,Directed,1560,,1.0
118,1151,Directed,1561,,1.0
118,1152,Directed,1562,,1.0
118,1153,Directed,1563,,1.0
118,1154,Directed,1564,,1.0
118,1155,Directed,1565,,1.0
118,1156,Directed,1566,,1.0
118,1157,Directed,1567,,1.0
118,1158,Directed,1568,,1.0
118,1159,Directed,1569,,1.0
118,1160,Directed,1570,,1.0
118,1161,Directed,1571,,1.0
118,1162,Directed,1572,,1.0
118,1163,Directed,1573,,1.0
118,1164,Directed,1574,,1.0
118,1165,Directed,1575,,1.0
118,1166,Directed,1576,,1.0
118,1167,Directed,1577,,1.0
118,1168,Directed,1578,,1.0
118,1169,Directed,1579,,1.0
118,1170,Directed,1580,,1.0
118,1021,Directed,1581,,1.0
118,17,Directed,1582,,1.0
118,1171,Directed,1583,,1.0
118,133,Directed,1584,,1.0
118,1172,Directed,1585,,1.0
118,1173,Directed,1586,,1.0
118,1174,Directed,1587,,1.0
118,1175,Directed,1588,,1.0
118,1176,Directed,1589,,1.0
118,1092,Directed,1590,,1.0
118,123,Directed,1591,,1.0
119,1177,Directed,1592,,1.0
119,1178,Directed,1593,,1.0
119,1179,Directed,1594,,1.0
119,1180,Directed,1595,,1.0
119,1181,Directed,1596,,1.0
119,1182,Directed,1597,,1.0
119,1183,Directed,1598,,1.0
119,1184,Directed,1599,,1.0
119,1185,Directed,1600,,1.0
119,1186,Directed,1601,,1.0
119,1187,Directed,1602,,1.0
119,1188,Directed,1603,,1.0
119,1189,Directed,1604,,1.0
119,1190,Directed,1605,,1.0
119,1191,Directed,1606,,1.0
119,1192,Directed,1607,,1.0
119,1193,Directed,1608,,1.0
119,1194,Directed,1609,,1.0
119,1195,Directed,1610,,1.0
119,1196,Directed,1611,,1.0
119,1197,Directed,1612,,1.0
119,1198,Directed,1613,,1.0
119,1199,Directed,1614,,1.0
119,1200,Directed,1615,,1.0
119,1201,Directed,1616,,1.0
120,1015,Directed,1617,,1.0
120,1016,Directed,1618,,1.0
120,106,Directed,1619,,1.0
120,1019,Directed,1620,,1.0
120,1021,Directed,1621,,1.0
120,17,Directed,1622,,1.0
121,1202,Directed,1623,,1.0
121,1203,Directed,1624,,1.0
121,1204,Directed,1625,,1.0
122,1205,Directed,1626,,1.0
122,1206,Directed,1627,,1.0
122,1207,Directed,1628,,1.0
122,11,Directed,1629,,1.0
122,1155,Directed,1630,,1.0
122,1208,Directed,1631,,1.0
122,1209,Directed,1632,,1.0
123,1210,Directed,1633,,1.0
123,1211,Directed,1634,,1.0
123,1212,Directed,1635,,1.0
123,1213,Directed,1636,,1.0
123,1214,Directed,1637,,1.0
123,118,Directed,1638,,1.0
123,109,Directed,1639,,1.0
123,1215,Directed,1640,,1.0
123,1216,Directed,1641,,1.0
123,1217,Directed,1642,,1.0
123,1218,Directed,1643,,1.0
123,1219,Directed,1644,,1.0
124,108,Directed,1645,,1.0
124,116,Directed,1646,,1.0
124,1220,Directed,1647,,1.0
124,109,Directed,1648,,1.0
124,1221,Directed,1649,,1.0
125,1222,Directed,1650,,1.0
125,1223,Directed,1651,,1.0
125,1224,Directed,1652,,1.0
125,1225,Directed,1653,,1.0
125,1226,Directed,1654,,1.0
125,1227,Directed,1655,,1.0
125,1228,Directed,1656,,1.0
125,1229,Directed,1657,,1.0
125,1230,Directed,1658,,1.0
125,1231,Directed,1659,,1.0
125,1232,Directed,1660,,1.0
125,1233,Directed,1661,,1.0
125,1234,Directed,1662,,1.0
125,1235,Directed,1663,,1.0
125,1236,Directed,1664,,1.0
125,1237,Directed,1665,,1.0
125,1238,Directed,1666,,1.0
125,1239,Directed,1667,,1.0
125,1240,Directed,1668,,1.0
125,1241,Directed,1669,,1.0
126,1242,Directed,1670,,1.0
126,1243,Directed,1671,,1.0
126,1244,Directed,1672,,1.0
127,6,Directed,1673,,1.0
127,7,Directed,1674,,1.0
127,8,Directed,1675,,1.0
127,9,Directed,1676,,1.0
127,10,Directed,1677,,1.0
127,11,Directed,1678,,1.0
127,12,Directed,1679,,1.0
127,13,Directed,1680,,1.0
127,4,Directed,1681,,1.0
127,14,Directed,1682,,1.0
127,15,Directed,1683,,1.0
127,16,Directed,1684,,1.0
127,17,Directed,1685,,1.0
128,2,Directed,1686,,1.0
128,111,Directed,1687,,1.0
128,91,Directed,1688,,1.0
128,4,Directed,1689,,1.0
128,112,Directed,1690,,1.0
128,92,Directed,1691,,1.0
128,113,Directed,1692,,1.0
129,1245,Directed,1693,,1.0
129,1246,Directed,1694,,1.0
129,111,Directed,1695,,1.0
129,12,Directed,1696,,1.0
129,91,Directed,1697,,1.0
129,1247,Directed,1698,,1.0
129,136,Directed,1699,,1.0
132,6,Directed,1700,,1.0
132,9,Directed,1701,,1.0
132,106,Directed,1702,,1.0
132,111,Directed,1703,,1.0
132,12,Directed,1704,,1.0
132,146,Directed,1705,,1.0
132,17,Directed,1706,,1.0
132,2,Directed,1707,,1.0
132,10,Directed,1708,,1.0
132,152,Directed,1709,,1.0
132,4,Directed,1710,,1.0
132,154,Directed,1711,,1.0
132,153,Directed,1712,,1.0
132,155,Directed,1713,,1.0
133,94,Directed,1714,,1.0
133,1140,Directed,1715,,1.0
133,12,Directed,1716,,1.0
133,11,Directed,1717,,1.0
133,158,Directed,1718,,1.0
133,17,Directed,1719,,1.0
134,127,Directed,1720,,1.0
134,128,Directed,1721,,1.0
134,95,Directed,1722,,1.0
134,129,Directed,1723,,1.0
134,130,Directed,1724,,1.0
134,132,Directed,1725,,1.0
134,133,Directed,1726,,1.0
134,135,Directed,1727,,1.0
134,136,Directed,1728,,1.0
134,137,Directed,1729,,1.0
135,1036,Directed,1730,,1.0
135,1037,Directed,1731,,1.0
135,1038,Directed,1732,,1.0
135,1039,Directed,1733,,1.0
135,1040,Directed,1734,,1.0
135,16,Directed,1735,,1.0
135,1041,Directed,1736,,1.0
135,136,Directed,1737,,1.0
136,1248,Directed,1738,,1.0
136,1249,Directed,1739,,1.0
136,1250,Directed,1740,,1.0
136,1251,Directed,1741,,1.0
136,1252,Directed,1742,,1.0
136,1253,Directed,1743,,1.0
136,1254,Directed,1744,,1.0
136,94,Directed,1745,,1.0
136,1255,Directed,1746,,1.0
136,1256,Directed,1747,,1.0
136,87,Directed,1748,,1.0
136,1257,Directed,1749,,1.0
136,1258,Directed,1750,,1.0
136,1259,Directed,1751,,1.0
136,1260,Directed,1752,,1.0
136,1261,Directed,1753,,1.0
136,16,Directed,1754,,1.0
136,1262,Directed,1755,,1.0
136,1263,Directed,1756,,1.0
136,1264,Directed,1757,,1.0
137,1110,Directed,1758,,1.0
137,87,Directed,1759,,1.0
137,1111,Directed,1760,,1.0
137,10,Directed,1761,,1.0
137,90,Directed,1762,,1.0
137,146,Directed,1763,,1.0
137,158,Directed,1764,,1.0
137,92,Directed,1765,,1.0
137,1112,Directed,1766,,1.0
138,1265,Directed,1767,,1.0
138,1266,Directed,1768,,1.0
138,1267,Directed,1769,,1.0
138,1268,Directed,1770,,1.0
138,1269,Directed,1771,,1.0
138,1270,Directed,1772,,1.0
138,1271,Directed,1773,,1.0
138,1272,Directed,1774,,1.0
138,1273,Directed,1775,,1.0
138,1274,Directed,1776,,1.0
138,1275,Directed,1777,,1.0
138,1276,Directed,1778,,1.0
138,1277,Directed,1779,,1.0
138,1278,Directed,1780,,1.0
138,1279,Directed,1781,,1.0
138,1280,Directed,1782,,1.0
138,1281,Directed,1783,,1.0
138,1282,Directed,1784,,1.0
138,1283,Directed,1785,,1.0
138,1284,Directed,1786,,1.0
138,1285,Directed,1787,,1.0
138,1286,Directed,1788,,1.0
138,1287,Directed,1789,,1.0
138,1288,Directed,1790,,1.0
138,1289,Directed,1791,,1.0
138,1290,Directed,1792,,1.0
138,1291,Directed,1793,,1.0
138,1292,Directed,1794,,1.0
138,1293,Directed,1795,,1.0
138,1294,Directed,1796,,1.0
138,1295,Directed,1797,,1.0
138,1296,Directed,1798,,1.0
138,1297,Directed,1799,,1.0
138,1298,Directed,1800,,1.0
138,1299,Directed,1801,,1.0
138,1300,Directed,1802,,1.0
138,1301,Directed,1803,,1.0
138,1302,Directed,1804,,1.0
138,1303,Directed,1805,,1.0
138,1304,Directed,1806,,1.0
138,1305,Directed,1807,,1.0
138,1306,Directed,1808,,1.0
138,1307,Directed,1809,,1.0
138,1308,Directed,1810,,1.0
138,1309,Directed,1811,,1.0
139,983,Directed,1812,,1.0
139,996,Directed,1813,,1.0
139,978,Directed,1814,,1.0
139,12,Directed,1815,,1.0
139,981,Directed,1816,,1.0
139,987,Directed,1817,,1.0
139,982,Directed,1818,,1.0
140,1310,Directed,1819,,1.0
140,1311,Directed,1820,,1.0
140,1312,Directed,1821,,1.0
140,1313,Directed,1822,,1.0
140,1314,Directed,1823,,1.0
144,6,Directed,1824,,1.0
144,9,Directed,1825,,1.0
144,106,Directed,1826,,1.0
144,111,Directed,1827,,1.0
144,12,Directed,1828,,1.0
144,146,Directed,1829,,1.0
144,17,Directed,1830,,1.0
144,2,Directed,1831,,1.0
144,10,Directed,1832,,1.0
144,152,Directed,1833,,1.0
144,4,Directed,1834,,1.0
144,154,Directed,1835,,1.0
144,153,Directed,1836,,1.0
144,155,Directed,1837,,1.0
145,6,Directed,1838,,1.0
145,9,Directed,1839,,1.0
145,106,Directed,1840,,1.0
145,111,Directed,1841,,1.0
145,12,Directed,1842,,1.0
145,146,Directed,1843,,1.0
145,17,Directed,1844,,1.0
145,2,Directed,1845,,1.0
145,10,Directed,1846,,1.0
145,152,Directed,1847,,1.0
145,4,Directed,1848,,1.0
145,154,Directed,1849,,1.0
145,153,Directed,1850,,1.0
145,155,Directed,1851,,1.0
146,1245,Directed,1852,,1.0
146,1246,Directed,1853,,1.0
146,111,Directed,1854,,1.0
146,12,Directed,1855,,1.0
146,91,Directed,1856,,1.0
146,1247,Directed,1857,,1.0
146,136,Directed,1858,,1.0
147,6,Directed,1859,,1.0
147,9,Directed,1860,,1.0
147,106,Directed,1861,,1.0
147,111,Directed,1862,,1.0
147,12,Directed,1863,,1.0
147,146,Directed,1864,,1.0
147,17,Directed,1865,,1.0
147,2,Directed,1866,,1.0
147,10,Directed,1867,,1.0
147,152,Directed,1868,,1.0
147,4,Directed,1869,,1.0
147,154,Directed,1870,,1.0
147,153,Directed,1871,,1.0
147,155,Directed,1872,,1.0
148,6,Directed,1873,,1.0
148,9,Directed,1874,,1.0
148,106,Directed,1875,,1.0
148,111,Directed,1876,,1.0
148,12,Directed,1877,,1.0
148,146,Directed,1878,,1.0
148,17,Directed,1879,,1.0
148,2,Directed,1880,,1.0
148,10,Directed,1881,,1.0
148,152,Directed,1882,,1.0
148,4,Directed,1883,,1.0
148,154,Directed,1884,,1.0
148,153,Directed,1885,,1.0
148,155,Directed,1886,,1.0
149,6,Directed,1887,,1.0
149,9,Directed,1888,,1.0
149,106,Directed,1889,,1.0
149,111,Directed,1890,,1.0
149,12,Directed,1891,,1.0
149,146,Directed,1892,,1.0
149,17,Directed,1893,,1.0
149,2,Directed,1894,,1.0
149,10,Directed,1895,,1.0
149,152,Directed,1896,,1.0
149,4,Directed,1897,,1.0
149,154,Directed,1898,,1.0
149,153,Directed,1899,,1.0
149,155,Directed,1900,,1.0
150,6,Directed,1901,,1.0
150,9,Directed,1902,,1.0
150,106,Directed,1903,,1.0
150,111,Directed,1904,,1.0
150,12,Directed,1905,,1.0
150,146,Directed,1906,,1.0
150,17,Directed,1907,,1.0
150,2,Directed,1908,,1.0
150,10,Directed,1909,,1.0
150,152,Directed,1910,,1.0
150,4,Directed,1911,,1.0
150,154,Directed,1912,,1.0
150,153,Directed,1913,,1.0
150,155,Directed,1914,,1.0
151,6,Directed,1915,,1.0
151,9,Directed,1916,,1.0
151,106,Directed,1917,,1.0
151,111,Directed,1918,,1.0
151,12,Directed,1919,,1.0
151,146,Directed,1920,,1.0
151,17,Directed,1921,,1.0
151,2,Directed,1922,,1.0
151,10,Directed,1923,,1.0
151,152,Directed,1924,,1.0
151,4,Directed,1925,,1.0
151,154,Directed,1926,,1.0
151,153,Directed,1927,,1.0
151,155,Directed,1928,,1.0
152,1315,Directed,1929,,1.0
152,1316,Directed,1930,,1.0
152,1317,Directed,1931,,1.0
152,1318,Directed,1932,,1.0
152,1319,Directed,1933,,1.0
152,1320,Directed,1934,,1.0
152,92,Directed,1935,,1.0
152,1321,Directed,1936,,1.0
152,1322,Directed,1937,,1.0
152,1323,Directed,1938,,1.0
152,1324,Directed,1939,,1.0
152,1325,Directed,1940,,1.0
152,1326,Directed,1941,,1.0
152,1327,Directed,1942,,1.0
153,1036,Directed,1943,,1.0
153,1328,Directed,1944,,1.0
153,1037,Directed,1945,,1.0
153,1329,Directed,1946,,1.0
153,1038,Directed,1947,,1.0
153,1039,Directed,1948,,1.0
153,1040,Directed,1949,,1.0
153,1330,Directed,1950,,1.0
153,1331,Directed,1951,,1.0
153,1041,Directed,1952,,1.0
153,136,Directed,1953,,1.0
153,1332,Directed,1954,,1.0
153,1333,Directed,1955,,1.0
153,1334,Directed,1956,,1.0
153,1335,Directed,1957,,1.0
153,1336,Directed,1958,,1.0
153,1337,Directed,1959,,1.0
153,1338,Directed,1960,,1.0
153,16,Directed,1961,,1.0
153,135,Directed,1962,,1.0
154,1339,Directed,1963,,1.0
154,1340,Directed,1964,,1.0
154,1341,Directed,1965,,1.0
154,1002,Directed,1966,,1.0
154,1342,Directed,1967,,1.0
154,1343,Directed,1968,,1.0
154,1344,Directed,1969,,1.0
154,1345,Directed,1970,,1.0
154,1346,Directed,1971,,1.0
154,1347,Directed,1972,,1.0
154,1348,Directed,1973,,1.0
154,1349,Directed,1974,,1.0
154,1350,Directed,1975,,1.0
154,1351,Directed,1976,,1.0
154,1352,Directed,1977,,1.0
154,1353,Directed,1978,,1.0
154,157,Directed,1979,,1.0
154,1354,Directed,1980,,1.0
154,1355,Directed,1981,,1.0
154,1356,Directed,1982,,1.0
154,1357,Directed,1983,,1.0
154,1358,Directed,1984,,1.0
154,1359,Directed,1985,,1.0
154,1360,Directed,1986,,1.0
154,1361,Directed,1987,,1.0
154,1362,Directed,1988,,1.0
154,1363,Directed,1989,,1.0
154,1364,Directed,1990,,1.0
154,1365,Directed,1991,,1.0
154,1366,Directed,1992,,1.0
154,1367,Directed,1993,,1.0
154,1368,Directed,1994,,1.0
154,1369,Directed,1995,,1.0
154,1370,Directed,1996,,1.0
154,1371,Directed,1997,,1.0
154,1372,Directed,1998,,1.0
155,1373,Directed,1999,,1.0
155,1374,Directed,2000,,1.0
155,92,Directed,2001,,1.0
155,1375,Directed,2002,,1.0
155,1376,Directed,2003,,1.0
155,1377,Directed,2004,,1.0
155,1378,Directed,2005,,1.0
155,1379,Directed,2006,,1.0
155,1380,Directed,2007,,1.0
155,1381,Directed,2008,,1.0
155,1382,Directed,2009,,1.0
155,1383,Directed,2010,,1.0
155,1384,Directed,2011,,1.0
155,1385,Directed,2012,,1.0
155,1386,Directed,2013,,1.0
155,1387,Directed,2014,,1.0
157,1388,Directed,2015,,1.0
157,1389,Directed,2016,,1.0
157,1390,Directed,2017,,1.0
157,1391,Directed,2018,,1.0
157,1392,Directed,2019,,1.0
157,17,Directed,2020,,1.0
157,1393,Directed,2021,,1.0
158,94,Directed,2022,,1.0
158,1394,Directed,2023,,1.0
158,1140,Directed,2024,,1.0
158,133,Directed,2025,,1.0
158,12,Directed,2026,,1.0
158,11,Directed,2027,,1.0
158,1395,Directed,2028,,1.0
158,17,Directed,2029,,1.0
158,1396,Directed,2030,,1.0
159,1147,Directed,2031,,1.0
159,1148,Directed,2032,,1.0
159,1149,Directed,2033,,1.0
159,1150,Directed,2034,,1.0
159,1151,Directed,2035,,1.0
159,1152,Directed,2036,,1.0
159,1153,Directed,2037,,1.0
159,1154,Directed,2038,,1.0
159,1155,Directed,2039,,1.0
159,1156,Directed,2040,,1.0
159,1157,Directed,2041,,1.0
159,1158,Directed,2042,,1.0
159,1159,Directed,2043,,1.0
159,1160,Directed,2044,,1.0
159,1161,Directed,2045,,1.0
159,1162,Directed,2046,,1.0
159,1163,Directed,2047,,1.0
159,1164,Directed,2048,,1.0
159,1165,Directed,2049,,1.0
159,1166,Directed,2050,,1.0
159,1167,Directed,2051,,1.0
159,1168,Directed,2052,,1.0
159,1169,Directed,2053,,1.0
159,1170,Directed,2054,,1.0
159,1021,Directed,2055,,1.0
159,17,Directed,2056,,1.0
159,1171,Directed,2057,,1.0
159,133,Directed,2058,,1.0
159,1172,Directed,2059,,1.0
159,1173,Directed,2060,,1.0
159,1174,Directed,2061,,1.0
159,1175,Directed,2062,,1.0
159,1176,Directed,2063,,1.0
159,1092,Directed,2064,,1.0
159,123,Directed,2065,,1.0
160,18,Directed,2066,,1.0
160,848,Directed,2067,,1.0
160,849,Directed,2068,,1.0
160,850,Directed,2069,,1.0
160,325,Directed,2070,,1.0
160,851,Directed,2071,,1.0
160,852,Directed,2072,,1.0
160,853,Directed,2073,,1.0
160,236,Directed,2074,,1.0
160,167,Directed,2075,,1.0
160,854,Directed,2076,,1.0
160,232,Directed,2077,,1.0
160,855,Directed,2078,,1.0
160,856,Directed,2079,,1.0
160,857,Directed,2080,,1.0
160,858,Directed,2081,,1.0
160,859,Directed,2082,,1.0
160,860,Directed,2083,,1.0
161,1397,Directed,2084,,1.0
161,1398,Directed,2085,,1.0
161,1399,Directed,2086,,1.0
162,814,Directed,2087,,1.0
162,18,Directed,2088,,1.0
162,815,Directed,2089,,1.0
162,816,Directed,2090,,1.0
162,817,Directed,2091,,1.0
162,818,Directed,2092,,1.0
162,819,Directed,2093,,1.0
162,820,Directed,2094,,1.0
162,821,Directed,2095,,1.0
162,822,Directed,2096,,1.0
162,823,Directed,2097,,1.0
162,24,Directed,2098,,1.0
162,824,Directed,2099,,1.0
162,825,Directed,2100,,1.0
162,826,Directed,2101,,1.0
162,441,Directed,2102,,1.0
162,827,Directed,2103,,1.0
162,828,Directed,2104,,1.0
162,829,Directed,2105,,1.0
162,830,Directed,2106,,1.0
162,831,Directed,2107,,1.0
162,832,Directed,2108,,1.0
162,32,Directed,2109,,1.0
163,18,Directed,2110,,1.0
163,1400,Directed,2111,,1.0
163,1401,Directed,2112,,1.0
163,1402,Directed,2113,,1.0
163,165,Directed,2114,,1.0
163,1403,Directed,2115,,1.0
163,1404,Directed,2116,,1.0
163,167,Directed,2117,,1.0
163,421,Directed,2118,,1.0
163,1405,Directed,2119,,1.0
163,1406,Directed,2120,,1.0
163,170,Directed,2121,,1.0
163,1407,Directed,2122,,1.0
163,1408,Directed,2123,,1.0
163,1409,Directed,2124,,1.0
163,1410,Directed,2125,,1.0
163,32,Directed,2126,,1.0
164,18,Directed,2127,,1.0
164,416,Directed,2128,,1.0
164,419,Directed,2129,,1.0
164,170,Directed,2130,,1.0
164,1411,Directed,2131,,1.0
164,1412,Directed,2132,,1.0
164,165,Directed,2133,,1.0
164,32,Directed,2134,,1.0
165,1413,Directed,2135,,1.0
166,18,Directed,2136,,1.0
166,168,Directed,2137,,1.0
166,423,Directed,2138,,1.0
166,163,Directed,2139,,1.0
166,165,Directed,2140,,1.0
166,32,Directed,2141,,1.0
167,18,Directed,2142,,1.0
167,310,Directed,2143,,1.0
167,311,Directed,2144,,1.0
167,165,Directed,2145,,1.0
167,312,Directed,2146,,1.0
167,313,Directed,2147,,1.0
167,314,Directed,2148,,1.0
167,1414,Directed,2149,,1.0
167,168,Directed,2150,,1.0
167,315,Directed,2151,,1.0
167,316,Directed,2152,,1.0
167,317,Directed,2153,,1.0
167,318,Directed,2154,,1.0
167,319,Directed,2155,,1.0
167,32,Directed,2156,,1.0
167,320,Directed,2157,,1.0
167,321,Directed,2158,,1.0
167,322,Directed,2159,,1.0
167,324,Directed,2160,,1.0
167,63,Directed,2161,,1.0
167,163,Directed,2162,,1.0
167,325,Directed,2163,,1.0
167,326,Directed,2164,,1.0
167,327,Directed,2165,,1.0
167,328,Directed,2166,,1.0
167,66,Directed,2167,,1.0
167,329,Directed,2168,,1.0
167,166,Directed,2169,,1.0
167,330,Directed,2170,,1.0
167,1415,Directed,2171,,1.0
167,331,Directed,2172,,1.0
167,70,Directed,2173,,1.0
167,1416,Directed,2174,,1.0
167,3,Directed,2175,,1.0
167,1417,Directed,2176,,1.0
167,332,Directed,2177,,1.0
167,333,Directed,2178,,1.0
168,1418,Directed,2179,,1.0
168,1419,Directed,2180,,1.0
168,417,Directed,2181,,1.0
168,1420,Directed,2182,,1.0
168,1421,Directed,2183,,1.0
168,1422,Directed,2184,,1.0
168,1423,Directed,2185,,1.0
168,1424,Directed,2186,,1.0
168,1425,Directed,2187,,1.0
168,1426,Directed,2188,,1.0
168,1427,Directed,2189,,1.0
168,1428,Directed,2190,,1.0
169,1429,Directed,2191,,1.0
169,1430,Directed,2192,,1.0
170,18,Directed,2193,,1.0
170,168,Directed,2194,,1.0
170,421,Directed,2195,,1.0
170,163,Directed,2196,,1.0
170,165,Directed,2197,,1.0
170,32,Directed,2198,,1.0
171,1431,Directed,2199,,1.0
171,1420,Directed,2200,,1.0
171,1432,Directed,2201,,1.0
171,1433,Directed,2202,,1.0
171,1434,Directed,2203,,1.0
171,313,Directed,2204,,1.0
171,1435,Directed,2205,,1.0
171,1436,Directed,2206,,1.0
174,1437,Directed,2207,,1.0
174,1438,Directed,2208,,1.0
174,1439,Directed,2209,,1.0
174,1440,Directed,2210,,1.0
174,206,Directed,2211,,1.0
174,1441,Directed,2212,,1.0
174,1442,Directed,2213,,1.0
174,1443,Directed,2214,,1.0
174,1444,Directed,2215,,1.0
174,1445,Directed,2216,,1.0
174,1446,Directed,2217,,1.0
174,1447,Directed,2218,,1.0
174,1448,Directed,2219,,1.0
174,1449,Directed,2220,,1.0
174,1450,Directed,2221,,1.0
174,1451,Directed,2222,,1.0
174,1452,Directed,2223,,1.0
174,1453,Directed,2224,,1.0
174,1454,Directed,2225,,1.0
174,1455,Directed,2226,,1.0
174,1456,Directed,2227,,1.0
174,327,Directed,2228,,1.0
174,1457,Directed,2229,,1.0
174,1458,Directed,2230,,1.0
174,1459,Directed,2231,,1.0
174,1460,Directed,2232,,1.0
174,1461,Directed,2233,,1.0
174,1462,Directed,2234,,1.0
174,1463,Directed,2235,,1.0
174,1464,Directed,2236,,1.0
174,1465,Directed,2237,,1.0
174,1466,Directed,2238,,1.0
174,1467,Directed,2239,,1.0
175,221,Directed,2240,,1.0
175,204,Directed,2241,,1.0
175,1468,Directed,2242,,1.0
175,886,Directed,2243,,1.0
175,1469,Directed,2244,,1.0
175,1470,Directed,2245,,1.0
175,1471,Directed,2246,,1.0
175,1472,Directed,2247,,1.0
175,1473,Directed,2248,,1.0
175,390,Directed,2249,,1.0
175,1474,Directed,2250,,1.0
175,199,Directed,2251,,1.0
175,392,Directed,2252,,1.0
176,1471,Directed,2253,,1.0
176,310,Directed,2254,,1.0
176,1475,Directed,2255,,1.0
176,1476,Directed,2256,,1.0
176,199,Directed,2257,,1.0
176,886,Directed,2258,,1.0
176,202,Directed,2259,,1.0
177,1477,Directed,2260,,1.0
177,1478,Directed,2261,,1.0
177,1479,Directed,2262,,1.0
177,1480,Directed,2263,,1.0
177,1481,Directed,2264,,1.0
177,1482,Directed,2265,,1.0
177,1483,Directed,2266,,1.0
177,1484,Directed,2267,,1.0
177,1485,Directed,2268,,1.0
177,1486,Directed,2269,,1.0
177,1487,Directed,2270,,1.0
177,1488,Directed,2271,,1.0
177,1489,Directed,2272,,1.0
177,1490,Directed,2273,,1.0
177,1491,Directed,2274,,1.0
177,1492,Directed,2275,,1.0
177,1493,Directed,2276,,1.0
177,1494,Directed,2277,,1.0
177,1495,Directed,2278,,1.0
178,1496,Directed,2279,,1.0
178,1497,Directed,2280,,1.0
178,1439,Directed,2281,,1.0
178,1498,Directed,2282,,1.0
178,1499,Directed,2283,,1.0
178,1500,Directed,2284,,1.0
179,1501,Directed,2285,,1.0
179,1502,Directed,2286,,1.0
179,1503,Directed,2287,,1.0
179,1504,Directed,2288,,1.0
179,1505,Directed,2289,,1.0
179,1506,Directed,2290,,1.0
179,1507,Directed,2291,,1.0
179,1508,Directed,2292,,1.0
179,1509,Directed,2293,,1.0
179,1510,Directed,2294,,1.0
179,1511,Directed,2295,,1.0
180,27,Directed,2296,,1.0
180,19,Directed,2297,,1.0
180,390,Directed,2298,,1.0
180,175,Directed,2299,,1.0
180,70,Directed,2300,,1.0
180,1512,Directed,2301,,1.0
180,1513,Directed,2302,,1.0
181,1514,Directed,2303,,1.0
181,1515,Directed,2304,,1.0
181,1516,Directed,2305,,1.0
181,1517,Directed,2306,,1.0
181,193,Directed,2307,,1.0
182,1518,Directed,2308,,1.0
182,1488,Directed,2309,,1.0
182,1519,Directed,2310,,1.0
182,228,Directed,2311,,1.0
182,1520,Directed,2312,,1.0
182,1521,Directed,2313,,1.0
182,1522,Directed,2314,,1.0
182,1523,Directed,2315,,1.0
183,1524,Directed,2316,,1.0
183,1525,Directed,2317,,1.0
183,1521,Directed,2318,,1.0
183,1523,Directed,2319,,1.0
183,1526,Directed,2320,,1.0
183,1527,Directed,2321,,1.0
183,1528,Directed,2322,,1.0
183,1529,Directed,2323,,1.0
183,1530,Directed,2324,,1.0
183,1531,Directed,2325,,1.0
183,1520,Directed,2326,,1.0
183,1532,Directed,2327,,1.0
183,1533,Directed,2328,,1.0
183,1534,Directed,2329,,1.0
183,1510,Directed,2330,,1.0
183,1535,Directed,2331,,1.0
183,1536,Directed,2332,,1.0
184,1537,Directed,2333,,1.0
184,1538,Directed,2334,,1.0
184,1539,Directed,2335,,1.0
184,1540,Directed,2336,,1.0
184,1541,Directed,2337,,1.0
184,1542,Directed,2338,,1.0
184,1500,Directed,2339,,1.0
185,175,Directed,2340,,1.0
185,1543,Directed,2341,,1.0
185,1482,Directed,2342,,1.0
185,1439,Directed,2343,,1.0
185,1456,Directed,2344,,1.0
185,206,Directed,2345,,1.0
185,1544,Directed,2346,,1.0
185,888,Directed,2347,,1.0
185,1545,Directed,2348,,1.0
185,1546,Directed,2349,,1.0
185,1547,Directed,2350,,1.0
185,1510,Directed,2351,,1.0
185,1548,Directed,2352,,1.0
186,1549,Directed,2353,,1.0
186,1482,Directed,2354,,1.0
186,1483,Directed,2355,,1.0
186,179,Directed,2356,,1.0
186,1439,Directed,2357,,1.0
186,1550,Directed,2358,,1.0
186,1551,Directed,2359,,1.0
186,1552,Directed,2360,,1.0
186,1553,Directed,2361,,1.0
186,1554,Directed,2362,,1.0
186,1555,Directed,2363,,1.0
186,183,Directed,2364,,1.0
186,1475,Directed,2365,,1.0
186,1556,Directed,2366,,1.0
186,1557,Directed,2367,,1.0
186,1558,Directed,2368,,1.0
186,218,Directed,2369,,1.0
186,1559,Directed,2370,,1.0
186,1535,Directed,2371,,1.0
187,198,Directed,2372,,1.0
187,1560,Directed,2373,,1.0
187,1561,Directed,2374,,1.0
187,1562,Directed,2375,,1.0
187,1563,Directed,2376,,1.0
187,1564,Directed,2377,,1.0
187,1565,Directed,2378,,1.0
187,1566,Directed,2379,,1.0
187,219,Directed,2380,,1.0
188,888,Directed,2381,,1.0
188,883,Directed,2382,,1.0
188,204,Directed,2383,,1.0
188,1473,Directed,2384,,1.0
188,1567,Directed,2385,,1.0
188,386,Directed,2386,,1.0
188,1470,Directed,2387,,1.0
189,19,Directed,2388,,1.0
189,1568,Directed,2389,,1.0
189,1455,Directed,2390,,1.0
189,1569,Directed,2391,,1.0
189,1456,Directed,2392,,1.0
189,1570,Directed,2393,,1.0
189,1571,Directed,2394,,1.0
189,1572,Directed,2395,,1.0
189,1573,Directed,2396,,1.0
189,1574,Directed,2397,,1.0
189,1575,Directed,2398,,1.0
189,1518,Directed,2399,,1.0
189,1576,Directed,2400,,1.0
189,1577,Directed,2401,,1.0
189,1578,Directed,2402,,1.0
189,1520,Directed,2403,,1.0
189,1579,Directed,2404,,1.0
189,1580,Directed,2405,,1.0
189,1581,Directed,2406,,1.0
189,1582,Directed,2407,,1.0
189,1583,Directed,2408,,1.0
190,1584,Directed,2409,,1.0
190,1585,Directed,2410,,1.0
190,1586,Directed,2411,,1.0
190,1587,Directed,2412,,1.0
190,1588,Directed,2413,,1.0
190,1589,Directed,2414,,1.0
190,1590,Directed,2415,,1.0
190,1591,Directed,2416,,1.0
190,1592,Directed,2417,,1.0
190,1492,Directed,2418,,1.0
190,1593,Directed,2419,,1.0
190,1594,Directed,2420,,1.0
190,1595,Directed,2421,,1.0
191,888,Directed,2422,,1.0
191,175,Directed,2423,,1.0
191,390,Directed,2424,,1.0
191,70,Directed,2425,,1.0
191,229,Directed,2426,,1.0
191,392,Directed,2427,,1.0
192,19,Directed,2428,,1.0
193,1596,Directed,2429,,1.0
193,181,Directed,2430,,1.0
193,1597,Directed,2431,,1.0
193,1598,Directed,2432,,1.0
193,1599,Directed,2433,,1.0
193,1600,Directed,2434,,1.0
193,1601,Directed,2435,,1.0
193,1602,Directed,2436,,1.0
193,1603,Directed,2437,,1.0
193,1604,Directed,2438,,1.0
193,1605,Directed,2439,,1.0
193,1606,Directed,2440,,1.0
193,1607,Directed,2441,,1.0
193,1608,Directed,2442,,1.0
193,1609,Directed,2443,,1.0
193,1610,Directed,2444,,1.0
193,1611,Directed,2445,,1.0
193,1612,Directed,2446,,1.0
193,1613,Directed,2447,,1.0
193,1614,Directed,2448,,1.0
193,1615,Directed,2449,,1.0
193,1616,Directed,2450,,1.0
193,1617,Directed,2451,,1.0
193,1618,Directed,2452,,1.0
193,1619,Directed,2453,,1.0
193,1620,Directed,2454,,1.0
193,1621,Directed,2455,,1.0
193,1622,Directed,2456,,1.0
193,1623,Directed,2457,,1.0
193,1624,Directed,2458,,1.0
193,1625,Directed,2459,,1.0
193,1626,Directed,2460,,1.0
193,1627,Directed,2461,,1.0
193,1628,Directed,2462,,1.0
193,1629,Directed,2463,,1.0
193,1630,Directed,2464,,1.0
193,1631,Directed,2465,,1.0
193,1632,Directed,2466,,1.0
193,1633,Directed,2467,,1.0
193,1634,Directed,2468,,1.0
193,1635,Directed,2469,,1.0
193,1636,Directed,2470,,1.0
193,1637,Directed,2471,,1.0
193,1638,Directed,2472,,1.0
193,1639,Directed,2473,,1.0
193,1640,Directed,2474,,1.0
193,1641,Directed,2475,,1.0
193,1642,Directed,2476,,1.0
193,1643,Directed,2477,,1.0
193,1644,Directed,2478,,1.0
193,1645,Directed,2479,,1.0
193,1646,Directed,2480,,1.0
193,1647,Directed,2481,,1.0
193,1648,Directed,2482,,1.0
193,1649,Directed,2483,,1.0
193,1650,Directed,2484,,1.0
193,1651,Directed,2485,,1.0
193,1652,Directed,2486,,1.0
193,1653,Directed,2487,,1.0
193,1654,Directed,2488,,1.0
193,1655,Directed,2489,,1.0
193,1656,Directed,2490,,1.0
193,1657,Directed,2491,,1.0
193,1658,Directed,2492,,1.0
193,1659,Directed,2493,,1.0
193,1660,Directed,2494,,1.0
193,1661,Directed,2495,,1.0
193,1662,Directed,2496,,1.0
193,1663,Directed,2497,,1.0
193,1664,Directed,2498,,1.0
193,332,Directed,2499,,1.0
193,1665,Directed,2500,,1.0
193,1666,Directed,2501,,1.0
193,1667,Directed,2502,,1.0
193,1668,Directed,2503,,1.0
193,1669,Directed,2504,,1.0
193,1670,Directed,2505,,1.0
193,1671,Directed,2506,,1.0
193,1672,Directed,2507,,1.0
193,1673,Directed,2508,,1.0
193,1674,Directed,2509,,1.0
193,1675,Directed,2510,,1.0
193,1676,Directed,2511,,1.0
193,1677,Directed,2512,,1.0
193,1678,Directed,2513,,1.0
193,1679,Directed,2514,,1.0
193,1680,Directed,2515,,1.0
193,1681,Directed,2516,,1.0
193,224,Directed,2517,,1.0
193,1682,Directed,2518,,1.0
193,1683,Directed,2519,,1.0
193,1684,Directed,2520,,1.0
193,1685,Directed,2521,,1.0
193,1686,Directed,2522,,1.0
193,1687,Directed,2523,,1.0
193,1688,Directed,2524,,1.0
193,1689,Directed,2525,,1.0
193,1690,Directed,2526,,1.0
193,1691,Directed,2527,,1.0
194,1692,Directed,2528,,1.0
194,882,Directed,2529,,1.0
194,1693,Directed,2530,,1.0
194,70,Directed,2531,,1.0
194,205,Directed,2532,,1.0
194,386,Directed,2533,,1.0
195,1449,Directed,2534,,1.0
195,19,Directed,2535,,1.0
195,1694,Directed,2536,,1.0
195,1438,Directed,2537,,1.0
195,70,Directed,2538,,1.0
195,891,Directed,2539,,1.0
195,1447,Directed,2540,,1.0
195,1695,Directed,2541,,1.0
195,214,Directed,2542,,1.0
195,327,Directed,2543,,1.0
195,1696,Directed,2544,,1.0
195,1460,Directed,2545,,1.0
196,221,Directed,2546,,1.0
196,1502,Directed,2547,,1.0
196,310,Directed,2548,,1.0
196,1697,Directed,2549,,1.0
196,1698,Directed,2550,,1.0
196,179,Directed,2551,,1.0
196,1439,Directed,2552,,1.0
196,1699,Directed,2553,,1.0
196,1700,Directed,2554,,1.0
196,1701,Directed,2555,,1.0
196,226,Directed,2556,,1.0
196,1702,Directed,2557,,1.0
196,1703,Directed,2558,,1.0
196,888,Directed,2559,,1.0
196,1555,Directed,2560,,1.0
196,1471,Directed,2561,,1.0
196,70,Directed,2562,,1.0
196,1474,Directed,2563,,1.0
196,1466,Directed,2564,,1.0
196,1447,Directed,2565,,1.0
196,199,Directed,2566,,1.0
196,1704,Directed,2567,,1.0
196,1705,Directed,2568,,1.0
196,1706,Directed,2569,,1.0
196,1707,Directed,2570,,1.0
196,1495,Directed,2571,,1.0
197,222,Directed,2572,,1.0
197,1708,Directed,2573,,1.0
197,1453,Directed,2574,,1.0
197,888,Directed,2575,,1.0
197,1709,Directed,2576,,1.0
197,1710,Directed,2577,,1.0
197,1510,Directed,2578,,1.0
197,1595,Directed,2579,,1.0
197,1711,Directed,2580,,1.0
197,1712,Directed,2581,,1.0
197,1713,Directed,2582,,1.0
197,1714,Directed,2583,,1.0
198,1715,Directed,2584,,1.0
198,19,Directed,2585,,1.0
198,178,Directed,2586,,1.0
198,206,Directed,2587,,1.0
198,1565,Directed,2588,,1.0
198,1716,Directed,2589,,1.0
198,226,Directed,2590,,1.0
198,1717,Directed,2591,,1.0
198,1718,Directed,2592,,1.0
198,1719,Directed,2593,,1.0
198,1720,Directed,2594,,1.0
198,1721,Directed,2595,,1.0
198,187,Directed,2596,,1.0
198,1722,Directed,2597,,1.0
198,1723,Directed,2598,,1.0
198,219,Directed,2599,,1.0
199,888,Directed,2600,,1.0
199,1555,Directed,2601,,1.0
199,1724,Directed,2602,,1.0
199,310,Directed,2603,,1.0
199,1578,Directed,2604,,1.0
199,1439,Directed,2605,,1.0
199,208,Directed,2606,,1.0
200,19,Directed,2607,,1.0
