Id,Label
1,http://www.reddit.com/r/gaming/
2,http://www.reddit.com/r/truegaming
3,http://www.reddit.com/r/sports
4,http://www.reddit.com/r/gamernews
5,http://www.reddit.com/r/Games/
6,http://www.reddit.com/r/askgames
7,http://www.reddit.com/r/games_journalism
8,http://www.reddit.com/r/gameideas
9,http://www.reddit.com/r/ludology
10,http://www.reddit.com/r/gamingsuggestions
11,http://www.reddit.com/r/gamedev
12,http://www.reddit.com/r/shouldibuythisgame
13,http://www.reddit.com/r/gamingmentors/
14,http://www.reddit.com/r/gameidea
15,http://www.reddit.com/r/gamesociety
16,http://www.reddit.com/r/Games
17,http://www.reddit.com/r/gamedesign
18,http://www.reddit.com/r/snowboarding
19,http://www.reddit.com/r/motorsports
20,http://www.reddit.com/r/olympics
21,http://www.reddit.com/r/baseball
22,http://www.reddit.com/r/racquetball
23,http://www.reddit.com/r/AFL
24,http://www.reddit.com/r/adrenaline
25,http://www.reddit.com/r/wrestling
26,http://www.reddit.com/r/nfl
27,http://www.reddit.com/r/nascar
28,http://www.reddit.com/r/darts
29,http://www.reddit.com/r/judo
30,http://www.reddit.com/r/Fencing
31,http://www.reddit.com/r/curling
32,http://www.reddit.com/r/wake
33,http://www.reddit.com/r/rowing
34,http://www.reddit.com/r/kayaking
35,http://www.reddit.com/r/mlb
36,http://www.reddit.com/r/bicycling
37,http://www.reddit.com/r/tennis
38,http://www.reddit.com/r/volleyball
39,http://www.reddit.com/r/collegebasketball
40,http://www.reddit.com/r/golf
41,http://www.reddit.com/r/lacrosse
42,http://www.reddit.com/r/football
43,http://www.reddit.com/r/fishing
44,http://www.reddit.com/r/CollegeSoftball
45,http://www.reddit.com/r/progolf
46,http://www.reddit.com/r/discgolf
47,http://www.reddit.com/r/waterpolo
48,http://www.reddit.com/r/handball
49,http://www.reddit.com/r/soccer
50,http://www.reddit.com/r/nhl
51,http://www.reddit.com/r/nrl
52,http://www.reddit.com/r/cricket
53,http://www.reddit.com/r/bowling
54,http://www.reddit.com/r/boxing
55,http://www.reddit.com/r/rugbyunion
56,http://www.reddit.com/r/collegesoccer
57,http://www.reddit.com/r/mls
58,http://www.reddit.com/r/collegebaseball
59,http://www.reddit.com/r/badminton
60,http://www.reddit.com/r/bjj
61,http://www.reddit.com/r/Hockey
62,http://www.reddit.com/r/trackandfield
63,http://www.reddit.com/r/surfing
64,http://www.reddit.com/r/fcs
65,http://www.reddit.com/r/cfb
66,http://www.reddit.com/r/skiing
67,http://www.reddit.com/r/cfl
68,http://www.reddit.com/r/billiards
69,http://www.reddit.com/r/snooker
70,http://www.reddit.com/r/formula1
71,http://www.reddit.com/r/hockey
72,http://www.reddit.com/r/speedskating
73,http://www.reddit.com/r/swimming
74,http://www.reddit.com/r/collegehockey
75,http://www.reddit.com/r/squash
76,http://www.reddit.com/r/MMA
77,http://www.reddit.com/r/ultimate
78,http://www.reddit.com/r/nba
79,http://www.reddit.com/r/vgstreams
80,http://www.reddit.com/r/gamecult
81,http://www.reddit.com/r/gaming4gamers
82,http://www.reddit.com/r/rpg_gamers
83,http://www.reddit.com/r/themakingofgames
84,http://www.reddit.com/r/anook
85,http://www.reddit.com/r/GamerNews
86,http://www.reddit.com/r/FlatBlue
87,http://www.reddit.com/r/GameDeals
88,http://www.reddit.com/r/gaming/wiki/faq
89,http://www.reddit.com/r/buildapc
90,http://www.reddit.com/r/ShouldIBuyThisGame
91,http://www.reddit.com/r/gaming
92,http://www.reddit.com/r/GameSociety
93,http://www.reddit.com/r/AskGames
94,http://www.reddit.com/r/Gaming
95,http://www.reddit.com/r/AskGames/
96,http://www.reddit.com/r/GamingStories
97,http://www.reddit.com/r/tipofmytongue
98,http://or.reddit.com/r/AskGames/wiki/index
99,http://www.reddit.com/r/AskGames/submit?selftext=true
100,http://www.reddit.com/r/TrueGaming
101,http://www.reddit.com/r/tipofmyjoystick
102,http://www.reddit.com/r/GamingSuggestions
103,http://www.reddit.com/r/gaming/faq
104,http://www.reddit.com/r/AskReddit
105,http://www.reddit.com/r/gamereviews
106,http://www.reddit.com/r/games
107,http://www.reddit.com/r/gamingnews
108,http://www.reddit.com/r/GameDesign
109,http://www.reddit.com/r/GameDev
110,http://www.reddit.com/r/Ludology
111,http://www.reddit.com/r/lowendgaming
112,http://www.reddit.com/r/republicofgaming
113,http://www.reddit.com/r/YouShouldPlay
114,http://www.reddit.com/r/GameJams
115,http://www.reddit.com/r/Unity3D
116,http://www.reddit.com/r/IndieGaming
117,http://www.reddit.com/r/OpenGL
118,http://www.reddit.com/r/GameDevClassifieds
119,http://www.reddit.com/r/LearnProgramming
120,http://www.reddit.com/r/TheMakingOfGames
121,http://www.reddit.com/r/GameAssets
122,http://www.reddit.com/r/TrueGameDev
123,http://www.reddit.com/r/GameAudio
124,http://www.reddit.com/r/LevelDesign
125,http://www.reddit.com/r/PlayMyGame
126,http://www.reddit.com/r/DevBlogs
127,http://www.reddit.com/r/truegaming/
128,http://www.reddit.com/r/gamingsuggestions/
129,http://www.reddit.com/r/patientgamers/
130,http://www.reddit.com/r/geesegonewild/
131,http://www.reddit.com/r/ShouldIbuythisgame/submit?selftext=true
132,http://www.reddit.com/r/GameSociety/
133,http://www.reddit.com/r/IndieGaming/
134,http://www.reddit.com/r/ShouldIbuythisgame/
135,http://www.reddit.com/r/GameDeals/
136,http://www.reddit.com/r/SteamGameSwap
137,http://www.reddit.com/r/lowendgaming/
138,http://www.reddit.com/r/MMORPG
139,http://www.reddit.com/r/Gaming4Gamers/
140,http://www.reddit.com/r/NewToTF2
141,http://www.reddit.com/r/GameIdea/
142,http://www.reddit.com/r/GameIdea/submit
143,http://www.reddit.com/r/GameIdea/submit?selftext=true
144,http://www.reddit.com/r/GameSociety/comments/qg9vk/announcement_rgamesociety_is_adding_a_new/
145,http://www.reddit.com/r/GameSociety/comments/24l1ly/may_discussion_thread_1_banished_2014_pc/#current
146,http://www.reddit.com/r/patientgamers
147,http://www.reddit.com/r/GameSociety/wiki/index
148,http://www.reddit.com/r/GameSociety/comments/24l4qd/may_discussion_thread_3_final_fantasy_ix_2000_ps/#current
149,http://www.reddit.com/r/GameSociety/comments/24l549/may_discussion_thread_4_ghost_trick_phantom/#current
150,http://www.reddit.com/r/GameSociety/comments/24l5ja/may_discussion_thread_5_uno_1992_card/#current
151,http://www.reddit.com/r/GameSociety/comments/24l3jk/may_discussion_thread_2_oddworld_abes_oddysee/#current
152,http://www.reddit.com/r/bookclub
153,http://www.reddit.com/r/gamedeals
154,http://www.reddit.com/r/boardgames
155,http://www.reddit.com/r/movieclub
156,http://www.reddit.com/r/devblogs
157,http://www.reddit.com/r/tabletopgamedesign
158,http://www.reddit.com/r/indiegaming
159,http://www.reddit.com/r/gamedevclassifieds
160,http://www.reddit.com/r/skiing/
161,http://www.reddit.com/r/shredditgirls
162,http://www.reddit.com/r/surfing/
163,http://www.reddit.com/r/skateboarding
164,http://www.reddit.com/r/snowskating/
165,http://www.reddit.com/r/longboarding
166,http://www.reddit.com/r/freebord/
167,http://www.reddit.com/r/Adrenaline
168,http://www.reddit.com/r/kiteboarding
169,http://www.reddit.com/r/localsnowboarding
170,http://www.reddit.com/r/streetboarding
171,http://www.reddit.com/r/geartrade
172,http://www.reddit.com/r/LocalSnowboarding
173,http://www.reddit.com/r/Spliddit
174,http://www.reddit.com/r/carporn
175,http://www.reddit.com/r/rally
176,http://www.reddit.com/r/StartMotorsport/
177,http://www.reddit.com/r/dodge/
178,http://www.reddit.com/r/autos
179,http://www.reddit.com/r/Rotaries
180,http://www.reddit.com/r/dtm/
181,http://www.reddit.com/r/supermoto
182,http://www.reddit.com/r/mercedes_benz
183,http://www.reddit.com/r/AutoDetailing
184,http://www.reddit.com/r/Volvo/
185,http://www.reddit.com/r/mini
186,http://www.reddit.com/r/Mazda
187,http://www.reddit.com/r/redditracing
188,http://www.reddit.com/r/FormulaE
189,http://www.reddit.com/r/topgear/
190,http://www.reddit.com/r/ford
191,http://www.reddit.com/r/NHRA
192,http://www.reddit.com/r/DirtRacing/
193,http://www.reddit.com/r/motorcycles
194,http://www.reddit.com/r/Blancpain/
195,http://www.reddit.com/r/F1Porn
196,http://www.reddit.com/r/drifting
197,http://www.reddit.com/r/audi
198,http://www.reddit.com/r/forza
199,http://www.reddit.com/r/OffRoadRacing
200,http://www.reddit.com/r/USACopenwheel
201,http://www.reddit.com/r/RaceTrackDesigns/
202,http://www.reddit.com/r/RaceTrackDesigns
203,http://www.reddit.com/r/karting
204,http://www.reddit.com/r/BTCC
205,http://www.reddit.com/r/v8supercars
206,http://www.reddit.com/r/cars
207,http://www.reddit.com/r/uscr
208,http://www.reddit.com/r/4x4
209,http://www.reddit.com/r/Datsun
210,http://www.reddit.com/r/wtcc
211,http://www.reddit.com/r/bmw
212,http://www.reddit.com/r/ferrari
213,http://www.reddit.com/r/Honda
214,http://www.reddit.com/r/motorsportporn
215,http://www.reddit.com/r/gt5
216,http://www.reddit.com/r/sucksquishbangblow
217,http://www.reddit.com/r/PirelliWorldChallenge
218,http://www.reddit.com/r/Miata
219,http://www.reddit.com/r/simracing
220,http://www.reddit.com/r/wec
221,http://www.reddit.com/r/subaru
222,http://www.reddit.com/r/Porsche
223,http://www.reddit.com/r/volkswagen
224,http://www.reddit.com/r/motoracing
225,http://www.reddit.com/r/GrandAm
226,http://www.reddit.com/r/racing
227,http://www.reddit.com/r/nissan
228,http://www.reddit.com/r/cartalk
229,http://www.reddit.com/r/INDYCAR
230,http://www.reddit.com/r/Saab
231,http://www.reddit.com/r/indepthsports
232,http://www.reddit.com/r/skijumping
233,http://www.reddit.com/r/skating
234,http://www.reddit.com/r/sochiproblems
235,http://www.reddit.com/r/biathlon
236,http://www.reddit.com/r/xcountryskiing
237,http://www.reddit.com/r/memebaseball
238,http://www.reddit.com/r/Dodgers
239,http://www.reddit.com/r/RedSox
240,http://www.reddit.com/r/Phillies
241,http://www.reddit.com/r/InternationalBaseball
242,http://www.reddit.com/r/Orioles
243,http://www.reddit.com/r/Nationals
244,http://www.reddit.com/r/Astros
245,http://www.reddit.com/r/NYYankees
246,http://www.reddit.com/r/MinnesotaTwins
247,http://www.reddit.com/r/fantasybaseball
248,http://www.reddit.com/r/WhiteSox
249,http://www.reddit.com/r/Buccos
250,http://www.reddit.com/r/TampaBayRays
251,http://www.reddit.com/r/Braves
252,http://www.reddit.com/r/AutographAssistance
253,http://www.reddit.com/r/Padres
254,http://www.reddit.com/r/Sabermetrics
255,http://www.reddit.com/r/KCRoyals
256,http://www.reddit.com/r/MLBTheShow
257,http://www.reddit.com/r/letsgofish
258,http://www.reddit.com/r/WahoosTipi
259,http://www.reddit.com/r/NewYorkMets
260,http://www.reddit.com/r/SFGiants
261,http://www.reddit.com/r/Sultansofstats
262,http://www.reddit.com/r/ColoradoRockies
263,http://www.reddit.com/r/Mariners
264,http://www.reddit.com/r/AngelsBaseball
265,http://www.reddit.com/r/Cardinals
266,http://www.reddit.com/r/azdiamondbacks
267,http://www.reddit.com/r/Cubs
268,http://www.reddit.com/r/MotorCityKitties
269,http://www.reddit.com/r/TexasRangers
270,http://www.reddit.com/r/Brewers
271,http://www.reddit.com/r/oaklandathletics
272,http://www.reddit.com/r/TorontoBlueJays
273,http://www.reddit.com/r/ballparks
274,http://www.reddit.com/r/Reds
275,http://www.reddit.com/r/aflbetting
276,http://www.reddit.com/r/essendonfc
277,http://www.reddit.com/r/essendonfc/
278,http://www.reddit.com/r/weareportadelaide/
279,http://www.reddit.com/r/adelaidefc/
280,http://www.reddit.com/r/westernbulldogs/
281,http://www.reddit.com/r/fantasyafl
282,http://www.reddit.com/r/aflmemes
283,http://www.reddit.com/r/gwsgiants
284,http://www.reddit.com/r/fremantlefc/
285,http://www.reddit.com/r/stkilda/
286,http://www.reddit.com/r/aflcirclejerk
287,http://www.reddit.com/r/afl/w/subs
288,http://www.reddit.com/r/melbournefc/
289,http://www.reddit.com/r/melbournefc
290,http://www.reddit.com/r/northmelbournefc
291,http://www.reddit.com/r/aflphotos
292,http://www.reddit.com/r/sydneyswans
293,http://www.reddit.com/r/aflvote
294,http://www.reddit.com/r/GWSGiants/
295,http://www.reddit.com/r/westcoasteagles/
296,http://www.reddit.com/r/geelongcats/
297,http://www.reddit.com/r/collingwoodfc/
298,http://www.reddit.com/r/adelaidefc
299,http://www.reddit.com/r/afl
300,http://www.reddit.com/r/collingwoodfc
301,http://www.reddit.com/r/richmondfc/
302,http://www.reddit.com/r/sydneyswans/
303,http://www.reddit.com/r/geelongcats
304,http://www.reddit.com/r/northmelbournefc/
305,http://www.reddit.com/r/carltonblues/
306,http://www.reddit.com/r/hawktalk/
307,http://www.reddit.com/r/afl/w/faq
308,http://www.reddit.com/r/gcfc/
309,http://www.reddit.com/r/brisbanelions/
310,http://www.reddit.com/r/Rally
311,http://www.reddit.com/r/gopro
312,http://www.reddit.com/r/MTB
313,http://www.reddit.com/r/Climbing
314,http://www.reddit.com/r/Gnar
315,http://www.reddit.com/r/BMXracing
316,http://www.reddit.com/r/climbingporn
317,http://www.reddit.com/r/martialarts
318,http://www.reddit.com/r/ImaginaryAdrenaline
319,http://www.reddit.com//r/skydiving
320,http://www.reddit.com/r/rollerblading/
321,http://www.reddit.com/r/whitewater/
322,http://www.reddit.com/r/gymnastics
323,http://www.reddit.com/r/Adrenalineporn
324,http://www.reddit.com/r/BMX
325,http://www.reddit.com/r/sledding
326,http://www.reddit.com/r/freediving
327,http://www.reddit.com/r/VideoPorn
328,http://www.reddit.com/r/Parkour
329,http://www.reddit.com/r/cliffjumping
330,http://www.reddit.com/r/tricking
331,http://www.reddit.com/r/dirtjumping/
332,http://www.reddit.com/r/Motocross
333,http://www.reddit.com/r/slackline
334,http://www.reddit.com/r/BJJ
335,http://www.reddit.com/r/cuttingweight
336,http://www.reddit.com/r/MartialArts
337,http://www.reddit.com/r/Judo
338,http://www.reddit.com/r/MuayThai
339,http://www.reddit.com/r/colts
340,http://www.reddit.com/r/seahawks
341,http://www.reddit.com/r/miamidolphins
342,http://www.reddit.com/r/saints
343,http://www.reddit.com/r/patriots
344,http://www.reddit.com/r/minnesotavikings
345,http://www.reddit.com/r/chargers
346,http://www.reddit.com/r/nygiants
347,http://www.reddit.com/r/detroitlions
348,http://www.reddit.com/r/jaguars
349,http://www.reddit.com/r/eurobowl
350,http://www.reddit.com/r/denverbroncos
351,http://www.reddit.com/r/steelers
352,http://www.reddit.com/r/falcons
353,http://www.reddit.com/r/nyjets
354,http://www.reddit.com/r/redskins
355,http://www.reddit.com/r/chibears
356,http://www.reddit.com/r/CFL
357,http://www.reddit.com/r/bengals
358,http://www.reddit.com/r/arenafootball
359,http://www.reddit.com/r/buccaneers
360,http://www.reddit.com/r/kansascitychiefs
361,http://www.reddit.com/r/oaklandraiders
362,http://www.reddit.com/r/browns
363,http://www.reddit.com/r/madden
364,http://www.reddit.com/r/greenbaypackers
365,http://www.reddit.com/r/buffalobills
366,http://www.reddit.com/r/texans
367,http://www.reddit.com/r/cowboys
368,http://www.reddit.com/r/ravens
369,http://www.reddit.com/r/nfffffffluuuuuuuuuuuu
370,http://www.reddit.com/r/stlouisrams
371,http://www.reddit.com/r/fantasyfootball
372,http://www.reddit.com/r/tennesseetitans
373,http://www.reddit.com/r/panthers
374,http://www.reddit.com/r/eagles
375,http://www.reddit.com/r/footballstrategy
376,http://www.reddit.com/r/49ers
377,http://www.reddit.com/r/azcardinals
378,http://www.reddit.com/r/NASCAR/wiki/kb
379,http://www.reddit.com/r/NASCAR/wiki/donate
380,http://www.reddit.com/r/NASCAR/submit
381,http://www.reddit.com/r/NASCAR/wiki/schedule
382,http://www.reddit.com/r/NASCAR/
383,http://www.reddit.com/r/NASCAR/submit/
384,http://www.reddit.com/r/NASCAR/submit?selftext=true
385,http://www.reddit.com/r/ARCARacing/
386,http://www.reddit.com/r/WEC
387,http://www.reddit.com/r/Karting/
388,http://www.reddit.com/r/formula1/
389,http://www.reddit.com/r/Nr2003
390,http://www.reddit.com/r/V8Supercars
391,http://www.reddit.com/r/Motoracing/
392,http://www.reddit.com/r/NASCAR
393,http://www.reddit.com/r/NASCAR/wiki/rules
394,http://www.reddit.com/r/NASCAR/wiki
395,http://www.reddit.com/message/compose?to=/r/NASCAR
396,http://www.reddit.com/r/Darts/submit
397,http://www.reddit.com/r/Darts/submit?selftext=true
398,http://www.reddit.com/r/Darts/
399,http://www.reddit.com/r/mma
400,http://www.reddit.com/r/ju_jutsu
401,http://www.reddit.com/r/aikido
402,http://www.reddit.com/r/Olympics
403,http://www.reddit.com/r/griptraining
404,http://www.reddit.com/r/sambo
405,http://www.reddit.com/r/Iaido
406,http://www.reddit.com/r/Kendo
407,http://ff.reddit.com/r/fencing/search?q=flair%3Amegathread&sort=new&restrict_sr=on
408,http://www.reddit.com/r/HEMA
409,http://www.reddit.com/r/SCA
410,http://www.reddit.com/r/WMA
411,http://www.reddit.com/r/Swords
412,http://www.reddit.com/r/ClassicalFencing
413,http://www.reddit.com/r/Curling/
414,http://www.reddit.com/r/Curling/submit?selftext=true
415,http://www.reddit.com/r/Curling/submit
416,http://www.reddit.com/r/Snowskating/
417,http://www.reddit.com/r/Kiteboarding/
418,http://www.reddit.com/r/Wake/submit
419,http://www.reddit.com/r/skateboarding/
420,http://www.reddit.com/r/Wake/
421,http://www.reddit.com/r/freebord
422,http://www.reddit.com/r/snowboarding/
423,http://www.reddit.com/r/streetboarding/
424,http://www.reddit.com/r/Wake/submit?selftext=true
425,http://www.reddit.com/r/waterskiing
426,http://www.reddit.com/r/slowmo
427,http://www.reddit.com/r/longboarding/
428,http://www.reddit.com/r/Rowing/wiki/faq
429,http://www.reddit.com/r/nutrition
430,http://www.reddit.com/r/gainit
431,http://www.reddit.com/r/Rowing/
432,http://www.reddit.com/r/advancedfitness
433,http://www.reddit.com/r/Rowing/submit
434,http://www.reddit.com/r/fitness
435,http://www.reddit.com/r/Rowing/submit?selftext=true
436,http://www.reddit.com/r/weightroom
437,http://www.reddit.com/r/fitmeals
438,http://www.reddit.com/r/bodyweightfitness
439,http://www.reddit.com/r/sailing
440,http://www.reddit.com/r/Kayaking/submit
441,http://www.reddit.com/r/sup
442,http://www.reddit.com/r/Kayaking/
443,http://www.reddit.com/r/Kayaking/submit?selftext=true
444,http://www.reddit.com/r/adventures
445,http://www.reddit.com/r/Kayaking/search?q=flair%3Aplaces&sort=new&restrict_sr=on
446,http://www.reddit.com/r/canoeing
447,http://www.reddit.com/r/BIKEPOLO
448,http://www.reddit.com/r/cyclocross
449,http://www.reddit.com/r/bikebmore
450,http://www.reddit.com/r/bikeIN
451,http://www.reddit.com/r/COBike
452,http://www.reddit.com/r/InvisibleBicycles
453,http://www.reddit.com/r/bikewrench
454,http://www.reddit.com/r/louisianacycling
455,http://www.reddit.com/r/torontobiking
456,http://www.reddit.com/r/bikeshop
457,http://www.reddit.com/r/BikeDetroit
458,http://www.reddit.com/r/stlouisbiking
459,http://www.reddit.com/r/BikingMad
460,http://www.reddit.com/r/randomactsofbicycle
461,http://www.reddit.com/r/cycling
462,http://www.reddit.com/r/pedale
463,http://www.reddit.com/r/ausbike
464,http://www.reddit.com/r/bicycleculture
465,http://www.reddit.com/r/leedscycling
466,http://www.reddit.com/r/bikehalifax
467,http://www.reddit.com/r/citybike
468,http://www.reddit.com/r/edmontoncycling
469,http://www.reddit.com/r/chibike
470,http://www.reddit.com/r/MontrealCycling
471,http://www.reddit.com/r/Seattlebike
472,http://www.reddit.com/r/CyclingMSP
473,http://www.reddit.com/r/recumbent
474,http://www.reddit.com/r/BikeLA
475,http://www.reddit.com/r/bikeporn
476,http://www.reddit.com/r/ebikes
477,http://www.reddit.com/r/bikefit
478,http://www.reddit.com/r/bustedcarbon
479,http://www.reddit.com/r/bikede
480,http://www.reddit.com/r/dfwbike
481,http://www.reddit.com/r/bikeslc
482,http://www.reddit.com/r/nashvillebikes
483,http://www.reddit.com/r/phillycycling
484,http://www.reddit.com/r/bikedc
485,http://www.reddit.com/r/amateurbikeporn
486,http://www.reddit.com/r/boisebike
487,http://www.reddit.com/r/BAbike
488,http://www.reddit.com/r/velomobile
489,http://www.reddit.com/r/miamibiking
490,http://www.reddit.com/r/nycbike
491,http://www.reddit.com/r/velodrome
492,http://www.reddit.com/r/BuffaloBike
493,http://www.reddit.com/r/BikeinOttawa
494,http://www.reddit.com/r/strava
495,http://www.reddit.com/r/bikingatx
496,http://www.reddit.com/r/bikeshare
497,http://www.reddit.com/r/BikeSoCal
498,http://www.reddit.com/r/bmx
499,http://www.reddit.com/r/peloton
500,http://www.reddit.com/r/tourdefrance
501,http://www.reddit.com/r/omahametrocycling
502,http://www.reddit.com/r/bicycletouring
503,http://www.reddit.com/r/fatbike
504,http://www.reddit.com/r/vancouvercycling
505,http://www.reddit.com/r/biketrials
506,http://www.reddit.com/r/OKCbike
507,http://www.reddit.com/r/wheelbuild
508,http://www.reddit.com/r/bikemessengers
509,http://www.reddit.com/r/bikeboston
510,http://www.reddit.com/r/29er
511,http://www.reddit.com/r/randonneuring
512,http://www.reddit.com/r/ukbike
513,http://www.reddit.com/r/rocbike
514,http://www.reddit.com/r/unicycling
515,http://www.reddit.com/r/cyclemcr
516,http://www.reddit.com/r/CruiserCulture
517,http://www.reddit.com/r/whichbike
518,http://www.reddit.com/r/BicycleEngineering
519,http://www.reddit.com/r/CyclePDX
520,http://www.reddit.com/r/singlespeedcycling
521,http://www.reddit.com/r/EveryDayRide
522,http://www.reddit.com/r/rvabikes
523,http://www.reddit.com/r/BikeHouston
524,http://www.reddit.com/r/velo
525,http://www.reddit.com/r/riddeit
526,http://www.reddit.com/r/tandem
527,http://www.reddit.com/r/lowcar
528,http://www.reddit.com/r/cargobike
529,http://www.reddit.com/r/FixedGearBicycle
530,http://www.reddit.com/r/bikecommuting
531,http://www.reddit.com/r/professionalcycling
532,http://www.reddit.com/r/londoncycling
533,http://www.reddit.com/r/Bikron
534,http://www.reddit.com/r/carolinabikes
535,http://www.reddit.com/r/Tennispartners
536,http://www.reddit.com/r/Athleticfeats
537,http://www.reddit.com/r/Sports
538,http://www.reddit.com/r/Badminton
539,http://www.reddit.com/r/TableTennis
540,http://www.reddit.com/r/sports/
541,http://www.reddit.com/r/CollegeBasketball/new/
542,http://www.reddit.com/r/CollegeBasketball/submit
543,http://www.reddit.com/r/CollegeBasketball/comments/22t2ss/bracket_challenge_final_results/
544,http://www.reddit.com/r/CollegeSoccer
545,http://www.reddit.com/r/CollegeBasketball/comments/1o2nyg/just_in_time_for_the_season_tipoff/
546,http://www.reddit.com/r/wnba
547,http://www.reddit.com/r/cbbcirclejerk
548,http://www.reddit.com/r/NCAAW
549,http://www.reddit.com/r/CollegeBaseball
550,http://www.reddit.com/r/CollegeBasketball/comments/my8kj/announcement_flair_now_available/c3xl2ov
551,http://www.reddit.com/r/CollegeBasketball/submit?selftext=true
552,http://www.reddit.com/r/CollegeBasketball/comments/1alhpd/a_bigger_better_list_of_teamspecific_subreddits/
553,http://www.reddit.com/r/CollegeBasketball/comments/my8kj/announcement_flair_now_available/
554,http://www.reddit.com/r/CollegeBasketball/
555,http://www.reddit.com/r/CollegeBasketball/comments/1pnabg/updated_game_thread_format/
556,http://www.reddit.com/r/ProGolf
557,http://www.reddit.com/r/GolfGTG
558,http://www.reddit.com/r/turfmanagement
559,http://www.reddit.com/r/fantasypgagolf
560,http://www.reddit.com/r/PuttPuttGolf
561,http://www.reddit.com/r/rgolfOpen/
562,http://www.reddit.com/r/StickDoctor
563,http://www.reddit.com/r/lax4sale/
564,http://www.reddit.com/r/womens_lacrosse
565,http://www.reddit.com/r/BoxLacrosse
566,http://www.reddit.com/r/FootballBot
567,http://www.reddit.com/r/Fishing/submit?selftext=true
568,http://www.reddit.com/r/microfishing
569,http://www.reddit.com/r/Fishing/wiki
570,http://www.reddit.com/r/aquariums
571,http://www.reddit.com/r/Fishing/submit
572,http://www.reddit.com/r/Fishing/
573,http://www.reddit.com/r/flytying
574,http://www.reddit.com/r/kayakfishing
575,http://www.reddit.com/r/icefishing
576,http://www.reddit.com/r/SurfFishing
577,http://www.reddit.com/r/carpfishing/
578,http://www.reddit.com/r/bassfishing
579,http://www.reddit.com/r/flyfishing
580,http://www.reddit.com/r/tacklebox
581,http://www.reddit.com/r/FishingTackle
582,http://www.reddit.com/r/Bowfishing/
583,http://www.reddit.com/r/sharkfishing
584,http://www.reddit.com/r/flyswap
585,http://www.reddit.com/r/offshorefishing
586,http://www.reddit.com/r/troutfishing
587,http://www.reddit.com/r/ProGolf/submit?selftext=true
588,http://www.reddit.com/r/ProGolf/submit
589,http://www.reddit.com/r/TigerWoods
590,http://www.reddit.com/r/ProGolf/
591,http://www.reddit.com/r/FantasyPGAGolf
592,http://www.reddit.com/r/Golf
593,http://www.reddit.com/r/discexchange
594,http://www.reddit.com/r/discdyeing
595,http://www.reddit.com/r/StencilTemplates
596,http://www.reddit.com/r/Handball/submit?selftext=true
597,http://www.reddit.com/r/Handball/
598,http://www.reddit.com/r/Handball/submit
599,http://www.reddit.com/r/hawks
600,http://www.reddit.com/r/tampabaylightning
601,http://www.reddit.com/r/ottawasenators
602,http://www.reddit.com/r/floridapanthers
603,http://www.reddit.com/r/devils
604,http://www.reddit.com/r/anaheimducks
605,http://www.reddit.com/r/caps
606,http://www.reddit.com/r/losangeleskings
607,http://www.reddit.com/r/wildhockey
608,http://www.reddit.com/r/stlouisblues
609,http://www.reddit.com/r/winnipegjets
610,http://www.reddit.com/r/coyotes
611,http://www.reddit.com/r/calgaryflames
612,http://www.reddit.com/r/dallasstars
613,http://www.reddit.com/r/predators
614,http://www.reddit.com/r/sanjosesharks
615,http://www.reddit.com/r/leafs
616,http://www.reddit.com/r/penguins
617,http://www.reddit.com/r/coloradoavalanche
618,http://www.reddit.com/r/habs
619,http://www.reddit.com/r/detroitredwings
620,http://www.reddit.com/r/newyorkislanders
621,http://www.reddit.com/r/rangers
622,http://www.reddit.com/r/flyers
623,http://www.reddit.com/r/bluejackets
624,http://www.reddit.com/r/edmontonoilers
625,http://www.reddit.com/r/canes
626,http://www.reddit.com/r/bostonbruins
627,http://www.reddit.com/r/sabres
628,http://www.reddit.com/r/canucks
629,http://www.reddit.com/r/FantasyNRL
630,http://www.reddit.com/r/CanterburyBulldogs
631,http://www.reddit.com/r/NRLcowboys
632,http://www.reddit.com/r/NSWBlues
633,http://www.reddit.com/r/Cronullasharks
634,http://www.reddit.com/r/NRLmemes
635,http://www.reddit.com/r/SydneyRoosters
636,http://www.reddit.com/r/melbournestorm
637,http://www.reddit.com/r/NewcastleKnights/
638,http://www.reddit.com/r/fantasynrl
639,http://www.reddit.com/r/CronullaSharks
640,http://www.reddit.com/r/BrisbaneBroncos
641,http://www.reddit.com/r/NRLwarriors
642,http://www.reddit.com/r/Maroons
643,http://www.reddit.com/r/rugbyleague
644,http://www.reddit.com/r/weststigers
645,http://www.reddit.com/r/NRLcirclejerk
646,http://www.reddit.com/r/NRLRaiders
647,http://www.reddit.com/r/GoldCoastTitans
648,http://www.reddit.com/r/seaeagles
649,http://www.reddit.com/r/rabbitohs
650,http://www.reddit.com/r/SuperLeague
651,http://www.reddit.com/r/NRLPanthers
652,http://www.reddit.com/r/parramattaeels
653,http://www.reddit.com/r/NRLdragons
654,http://www.reddit.com/r/Cricket/search?q=flair%3A%27news%27&restrict_sr=on&sort=new&t=all
655,http://www.reddit.com/r/Cricket/wiki/rules
656,http://www.reddit.com/r/Cricket/wiki/highlights
657,http://www.reddit.com/r/Cricket/search?q=flair%3A%27discuss%27&restrict_sr=on&sort=new&t=all
658,http://www.reddit.com/r/Cricket/search?q=flair%3A%27image%27&restrict_sr=on&sort=new&t=all
659,http://www.reddit.com/r/Cricket/wiki/matchthreads
660,http://www.reddit.com/r/Cricket/
661,http://www.reddit.com/r/Cricket/submit?selftext=true
662,http://www.reddit.com/r/Cricket/wiki/faq
663,http://www.reddit.com/r/frontfootporn
664,http://www.reddit.com/r/Cricket/wiki/relatedsubs
665,http://www.reddit.com/r/Cricket/submit
666,http://www.reddit.com/r/Cricket/search?q=flair%3A%27joke%27&restrict_sr=on&sort=new&t=all
667,http://www.reddit.com/r/Cricket/search?q=flair%3A%27history%27&restrict_sr=on&sort=new&t=all
668,http://www.reddit.com/r/Cricket/search?q=flair%3A%27highlights%27&sort=new&restrict_sr=on
669,http://www.reddit.com/r/Cricket/search?q=flair%3A%27meta%27&restrict_sr=on&sort=new&t=all
670,http://www.reddit.com/r/Bowling/submit?selftext=true
671,http://www.reddit.com/r/Bowling/submit
672,http://www.reddit.com/r/Bowling/comments/1c45nz/the_anatomy_of_a_bowling_slump/
673,http://www.reddit.com/r/Bowling/
674,http://www.reddit.com/r/Bowling/comments/1rs5qd/blog_lane_oil_101/
675,http://www.reddit.com/r/Bowling/comments/1c9sd6/season_2_of_the_reddit_bowling_league_wrapup/
676,http://www.reddit.com/r/amateur_boxing
677,http://www.reddit.com/r/Boxing/
678,http://www.reddit.com/r/Boxing/submit
679,http://www.reddit.com/r/Boxing/comments/1tctvu/prediction_league_a_new_champion_crowned_info_on/
680,http://www.reddit.com/r/Boxing/comments/1sgrrb/brinjonathan_butler_here_to_answer_your_questions/
681,http://www.reddit.com/r/Boxing/comments/1qe3bi/rules_rboxings_new_rules/
682,http://www.reddit.com/r/Boxing/comments/1v52bw/the_floyd_mayweather_vs_manny_pacquiao_discussion/?sort=new
683,http://www.reddit.com/r/Boxing/comments/1vjbgh/iceman_john_scully_here_to_answer_your_questions/
684,http://www.reddit.com/r/Boxing/comments/23me7u/hello_reddit_im_chris_arreola_ask_me_anything/
685,http://www.reddit.com/r/Boxing/submit?selftext=true
686,http://www.reddit.com/r/Boxing/comments/1qi242/hey_rboxing_im_kathy_duva_ceo_of_main_events_ama/
687,http://www.reddit.com/r/usarugby
688,http://www.reddit.com/r/allblacks
689,http://www.reddit.com/r/australianrugby
690,http://www.reddit.com/r/touchrugby
691,http://www.reddit.com/r/sevens
692,http://www.reddit.com/r/wrugby
693,http://www.reddit.com/r/CanadaRugby
694,http://www.reddit.com/r/VICRebels
695,http://www.reddit.com/r/rfu
696,http://www.reddit.com/r/RugbyTraining
697,http://www.reddit.com/r/welshrugbyunion
698,http://www.reddit.com/r/superrugby
699,http://www.reddit.com/r/brumbies
700,http://www.reddit.com/r/irishrugby
701,http://www.reddit.com/r/waratahs
702,http://reddit.com/r/CollegeBasketball
703,http://reddit.com/r/CollegeBaseball
704,http://reddit.com/r/USSoccer
705,http://reddit.com/r/WomensSoccer
706,http://reddit.com/r/NASLSoccer
707,http://www.reddit.com/r/CollegeSoccer/
708,http://reddit.com/r/Collegesports
709,http://www.reddit.com/r/CollegeSoccer/wiki/crest-codes
710,http://www.reddit.com/r/collegelacrosse
711,http://reddit.com/r/NPSL
712,http://reddit.com/r/cfb
713,http://www.reddit.com/r/collegesoftball
714,http://www.reddit.com/r/CollegeSoccer/comments/2216wv/alternate_crest_thread_want_nonncaa_di_flair_get/
715,http://www.reddit.com/r/CollegeSoccer/comments/183zmp/game_thread_design/
716,http://www.reddit.com/r/CollegeSoccer/submit?selftext=true
717,http://www.reddit.com/r/CollegeSoccer/comments/1g06n0/new_feature_icons_for_matchthreads/
718,http://www.reddit.com/r/CollegeSoccer/submit
719,http://reddit.com/r/USLPro
720,http://reddit.com/r/Soccer
721,http://reddit.com/r/MLS
722,http://reddit.com/r/NWSL
723,http://www.reddit.com/r/LAGalaxy
724,http://www.reddit.com/r/rbny
725,http://www.reddit.com/r/Rapids
726,http://www.reddit.com/r/MLS/submit?selftext=true
727,http://www.reddit.com/r/FCDallas
728,http://www.reddit.com/r/thegoats
729,http://www.reddit.com/r/MLS/
730,http://www.reddit.com/r/SJEarthquakes
731,http://www.reddit.com/r/NewEnglandRevolution
732,http://www.reddit.com/r/MLS/wiki
733,http://www.reddit.com/r/MLS/wiki/newcomersguide
734,http://www.reddit.com/r/PhillyUnion
735,http://www.reddit.com/r/chicagofire
736,http://www.reddit.com/r/realsaltlake
737,http://www.reddit.com/r/SoundersFC
738,http://www.reddit.com/r/TFC
739,http://www.reddit.com/r/sportingkc
740,http://www.reddit.com/r/timbers
741,http://www.reddit.com/r/TheMassive
742,http://www.reddit.com/r/whitecapsfc
743,http://www.reddit.com/r/montrealimpact
744,http://www.reddit.com/r/MLS
745,http://www.reddit.com/r/DCUnited
746,http://www.reddit.com/r/MLS/w/rules
747,http://www.reddit.com/r/MLS/wiki/faq
748,http://www.reddit.com/r/dynamo
749,http://www.reddit.com/r/MLS/submit
750,http://www.reddit.com/r/CollegeSoftball/
751,http://www.reddit.com/r/Collegesports
752,http://www.reddit.com/r/CollegeBasketball
753,http://www.reddit.com/r/tabletennis
754,http://www.reddit.com/r/BJJSeminars/
755,http://gt.reddit.com/r/hockey
756,http://www.reddit.com/r/hockeyfandom
757,http://www.reddit.com/r/hockey/wiki/amas
758,http://www.reddit.com/r/hockeyplayers
759,http://www.reddit.com/r/hockey/wiki/gamethreads
760,http://www.reddit.com/r/hockey/submit?selftext=true
761,http://www.reddit.com/r/ea_nhl
762,http://www.reddit.com/r/PacificDivision
763,http://www.reddit.com/r/TeamCanada
764,http://www.reddit.com/r/hockeycirclejerk
765,http://www.reddit.com/r/hockeygoalies
766,http://www.reddit.com/r/KontinentalHL
767,http://www.reddit.com/r/NHL_draft
768,http://www.reddit.com/r/ahl
769,http://www.reddit.com/r/hockeyjerseys
770,http://www.reddit.com/r/hockey/wiki/menulinks#wiki_filters
771,http://www.reddit.com/r/vintagehockey
772,http://www.reddit.com/r/hockey/wiki/menulinks#wiki_hockey
773,http://www.reddit.com/r/hockey/wiki/lowcontent
774,http://www.reddit.com/r/centralhockey
775,http://www.reddit.com/r/hockeyrefs
776,http://www.reddit.com/r/metropolitan
777,http://reddit.com/r/hockey
778,http://www.reddit.com/r/hockeybot
779,http://ns.reddit.com/r/hockey
780,http://www.reddit.com/r/hockey/wiki/weeklythreads
781,http://tk.reddit.com/r/hockey
782,http://www.reddit.com/r/hockeycards
783,http://www.reddit.com/r/hockeywagers
784,http://wt.reddit.com/r/hockey
785,http://www.reddit.com/r/hockey/wiki/menulinks#wiki_posting
786,http://www.reddit.com/r/hockey+hockeyfandom+hockeywagers+ea_nhl+nhlmemes+hockeypics+fantasyhockey+hardhockey+hockeygoalies+hockeyplayers+vintagehockey+Hockeyprospects+hockeycirclejerk+NHL_draft+hockeyquestionmark+sphl+ahl+chl+echl+hockeyjerseys+hockeystats+ahl+KontinentalHL+collegehockey+hockeydesign+hockeyrefs+atlantichockey+pacificdivision+centralhockey+metropolitan+nhl
787,http://www.reddit.com/r/hockey/wiki/faq#toc_3
788,http://www.reddit.com/r/hockeydesign
789,http://www.reddit.com/r/hockey/comments/1m355w/photoshoppers_designers_graphic_enthusiasts_its/
790,http://www.reddit.com/r/NHLChampionshipBelt
791,http://www.reddit.com/r/USAHockey
792,http://www.reddit.com/r/hockeygamegifs
793,http://www.reddit.com/r/fantasyhockey
794,http://www.reddit.com/r/hockeystats
795,http://www.reddit.com/r/nhlmemes
796,http://www.reddit.com/r/calgaryflames+coloradoavalanche+edmontonoilers+wildhockey+canucks+anaheimducks+dallasstars+losangeleskings+coyotes+sanjosesharks+hawks+bluejackets+detroitredwings+predators+stlouisblues+flyers+penguins+devils+newyorkislanders+rangers+bostonbruins+sabres+habs+ottawasenators+leafs+canes+floridapanthers+tampabaylightning+caps+winnipegjets
797,http://www.reddit.com/r/hockey/submit
798,http://www.reddit.com/r/hockeypics
799,http://www.reddit.com/r/hockey/wiki/menulinks#wiki_subreddits
800,http://www.reddit.com/r/hockey/wiki/creative
801,http://www.reddit.com/r/hockey/wiki/hockeysubreddits
802,http://www.reddit.com/r/hockey/
803,http://www.reddit.com/r/hockey/wiki/vlc
804,http://www.reddit.com/r/hardhockey
805,http://www.reddit.com/r/AtlanticHockey
806,http://ng.reddit.com/r/hockey/
807,http://reddit.com/r/nhlmemes
808,http://www.reddit.com/r/advancedrunning/
809,http://www.reddit.com/r/olympics/
810,http://www.reddit.com/r/polevaulting/
811,http://www.reddit.com/r/sprinting/
812,http://www.reddit.com/r/running/
813,http://www.reddit.com/r/CrossCountry/
814,http://www.reddit.com/r/surfcinema
815,http://www.reddit.com/r/Freshwaterwaves
816,http://www.reddit.com/r/scsurf
817,http://www.reddit.com/r/skimboarding
818,http://www.reddit.com/r/redditgetsdrawn
819,http://www.reddit.com/r/windsurfing
820,http://www.reddit.com/r/bodyboarding/
821,http://www.reddit.com/r/redditsurfoff/
822,http://www.reddit.com/r/Singlefins
823,http://www.reddit.com/r/prosurfing
824,http://www.reddit.com/r/HeavySeas
825,http://www.reddit.com/r/perthsurf
826,http://www.reddit.com/r/surfshops
827,http://www.reddit.com/r/localsonly/
828,http://www.reddit.com/r/sfbsurf
829,http://www.reddit.com/r/bodysurfing
830,http://www.reddit.com/r/pronepaddling
831,http://www.reddit.com/r/girlsurfers
832,http://www.reddit.com/r/surfSD
833,http://www.reddit.com/r/CFB/about/moderators
834,http://www.reddit.com/r/CFB/wiki/index
835,http://www.reddit.com/r/FCS
836,http://www.reddit.com/r/CFB/wiki/flairlist
837,http://www.reddit.com/r/CFBuploads
838,http://www.reddit.com/r/CFB/submit?selftext=true
839,http://www.reddit.com/r/CFB
840,http://www.reddit.com/r/CFB/
841,http://www.reddit.com/r/CFB/search?q=%5BGame+Thread%5D&sort=new&restrict_sr=on
842,http://www.reddit.com/r/CFB/submit
843,http://www.reddit.com/r/CFBmemes
844,http://www.reddit.com/r/TheFulmerCup
845,http://redditmetrics.com/r/CFB
846,http://www.reddit.com/r/CFB/about/traffic/
847,http://www.reddit.com/r/CFBcirclejerk
848,http://www.reddit.com/r/AustraliaSnow
849,http://www.reddit.com/r/Summit
850,http://www.reddit.com/r/tahoe
851,http://www.reddit.com/r/wintergear/
852,http://www.reddit.com/r/bigsky/
853,http://www.reddit.com/r/skiutah
854,http://www.reddit.com/r/perfectnorth
855,http://www.reddit.com/r/cosnow
856,http://www.reddit.com/r/missoulaskiclub
857,http://www.reddit.com/r/Backcountry
858,http://www.reddit.com/r/vail
859,http://www.reddit.com/r/Breckenridge
860,http://www.reddit.com/r/outdoorsgear
861,http://www.reddit.com/r/CFL/submit
862,http://www.reddit.com/r/CFL/
863,http://www.reddit.com/r/Alouettes
864,http://www.reddit.com/r/Eskimos
865,http://www.reddit.com/r/WinnipegBlueBombers
866,http://www.reddit.com/r/thetruenorth
867,http://www.reddit.com/r/redblacks
868,http://www.reddit.com/r/riderville
869,http://www.reddit.com/r/NFL
870,http://www.reddit.com/r/CFL/submit?selftext=true
871,http://www.reddit.com/r/Argonauts
872,http://www.reddit.com/r/torontobluejays
873,http://www.reddit.com/r/FootballAmerica
874,http://www.reddit.com/r/CFL/comments/1ipxvx/game_thread_montreal_alouettes_12_calgary/cb6vh31
875,http://www.reddit.com/r/BC_Lions
876,http://www.reddit.com/r/Canada
877,http://www.reddit.com/r/ticats
878,http://www.reddit.com/r/Stampeders
879,http://www.reddit.com/r/CanadianFootballRules
880,http://www.reddit.com/r/CFLcirclejerk
881,http://www.reddit.com/r/vintageF1
882,http://www.reddit.com/r/USCR
883,http://www.reddit.com/r/V8supercars
884,http://www.reddit.com/r/MercedesAMGF1
885,http://www.reddit.com/r/VirtualWDCPC
886,http://www.reddit.com/r/Karting
887,http://www.reddit.com/r/F1Meetup
888,http://www.reddit.com/r/Motorsports
889,http://www.reddit.com/r/MotoGP
890,http://www.reddit.com/r/F1circlejerk
891,http://www.reddit.com/r/F1Technical
892,http://www.reddit.com/r/Simracing
893,http://www.reddit.com/r/Formula1GIFS
894,http://www.reddit.com/r/VirtualWDC
895,http://www.reddit.com/r/PS3F1
896,http://www.reddit.com/r/Hockeyprospects
897,http://www.reddit.com/r/olympic
898,http://www.reddit.com/r/triathlon
899,http://www.reddit.com/r/Speedskating/submit
900,http://www.reddit.com/r/Speedskating/
901,http://www.reddit.com/r/Speedskating/submit?selftext=true
902,http://www.reddit.com/r/figureskating
903,http://www.reddit.com/r/Swimming/comments/168m6r/the_most_common_freestylefront_crawl_errors_i_see/
904,http://www.reddit.com/r/Swimming/search?q=mainset+OR+wod+OR+workout&restrict_sr=on&sort=relevance
905,http://www.reddit.com/r/Swimming/comments/1k8sr9/team_feature_archive_please_ignore/
906,http://www.reddit.com/r/Swimming/search?q=drill+of+the+week&restrict_sr=on
907,http://www.reddit.com/r/Swimming/search?q=beginner+questions&sort=new&restrict_sr=on
908,http://www.reddit.com/r/Swimming/submit
909,http://www.reddit.com/r/Swimming/search?q=open+water+wednesday&restrict_sr=on
910,http://www.reddit.com/r/Swimming/submit?selftext=true
911,http://www.reddit.com/r/Swimming/
912,http://www.reddit.com/r/mma/wiki/filters
913,http://www.reddit.com/r/muaythai
914,http://www.reddit.com/r/mmafights
915,http://www.reddit.com/r/kickboxing
916,http://www.reddit.com/r/mma/wiki/approved
917,//www.redditrewind.com/r/mma
918,http://www.reddit.com/r/mmamemes
919,http://www.reddit.com/r/mma/wiki/faq
920,http://www.reddit.com/r/mma/wiki/FAQ
921,http://www.reddit.com/r/mma/wiki/rules
922,http://www.reddit.com/r/mmagifs
923,http://www.reddit.com/r/mma/wiki/noobs_guide_to_mma
924,http://www.reddit.com/r/fantasybball
925,http://www.reddit.com/r/chicagobulls
926,http://www.reddit.com/r/basketballGM
927,http://www.reddit.com/r/denvernuggets
928,http://www.reddit.com/r/mkebucks
929,http://www.reddit.com/r/sixers
930,http://www.reddit.com/r/memphisgrizzlies
931,http://www.reddit.com/r/basketball
932,http://www.reddit.com/r/gonets
933,http://www.reddit.com/r/orlandomagic
934,http://www.reddit.com/r/nolapelicans
935,http://www.reddit.com/r/clevelandcavs
936,http://www.reddit.com/r/heat
937,http://www.reddit.com/r/WNBA
938,http://www.reddit.com/r/pacers
939,http://www.reddit.com/r/NBA2k
940,http://www.reddit.com/r/lakers
941,http://www.reddit.com/r/ripcity
942,http://www.reddit.com/r/detroitpistons
943,http://www.reddit.com/r/pacers/comments/26r912
944,http://www.reddit.com/r/NBAcirclejerk
945,http://www.reddit.com/r/CharitableBets
946,http://www.reddit.com/r/washingtonwizards
947,http://www.reddit.com/r/basketballtips
948,http://www.reddit.com/r/redditcantjump
949,http://www.reddit.com/r/stadiumporn
950,http://www.reddit.com/r/lakers/comments/26r2ra
951,http://www.reddit.com/r/timberwolves
952,http://www.reddit.com/r/NBA
953,http://www.reddit.com/r/utahjazz
954,http://www.reddit.com/r/laclippers
955,http://www.reddit.com/r/thunder/comments/26rg2l
956,http://www.reddit.com/r/charlottehornets
957,http://www.reddit.com/r/nyknicks
958,http://www.reddit.com/r/atlantahawks
959,http://www.reddit.com/r/bostonceltics
960,http://www.reddit.com/r/kings
961,http://www.reddit.com/r/heat/comments/26rao6
962,http://www.reddit.com/r/warriors
963,http://www.reddit.com/r/chicagobulls/comments/26qpsi
964,http://www.reddit.com/r/torontoraptors
965,http://www.reddit.com/r/suns
966,http://www.reddit.com/r/rockets
967,http://www.reddit.com/r/thunder
968,http://www.reddit.com/r/mavericks
969,http://www.reddit.com/r/letsplay
970,http://www.reddit.com/r/GamingNews/
971,http://www.reddit.com/r/FlashGames
972,http://www.reddit.com/r/CreepyGaming/
973,http://www.reddit.com/r/Oculus
974,http://www.reddit.com/r/MAME
975,http://www.reddit.com/r/GameCult/
976,http://www.reddit.com/r/GameCult/submit?selftext=true
977,http://ma.reddit.com/r/Gaming4Gamers/#ma
978,http://www.reddit.com/r/dontstarve
979,http://gi.reddit.com/r/Gaming4Gamers/#gi
980,http://www.reddit.com/r/Gaming4Gamers/about/moderators
981,http://www.reddit.com/r/GirlGamers/
982,http://www.reddit.com/r/creepygaming/
983,http://www.reddit.com/r/lambdaconspiracies
984,http://www.reddit.com/r/Gaming4Gamers/submit
985,http://www.reddit.com/r/Gaming4Gamers/submit?selftext=true
986,http://www.reddit.com/r/Gaming4Gamers/#header
987,http://www.reddit.com/r/Cheapgamers
988,http://www.reddit.com/r/Gaming4Gamers/wiki/index
989,http://di.reddit.com/r/Gaming4Gamers/#di
990,http://www.reddit.com/r/Gaming4Gamers/comments/1i9v30/image_flairs_tell_us_what_you_think/
991,http://me.reddit.com/r/Gaming4Gamers/#me
992,http://rt.reddit.com/r/Gaming4Gamers/#rt
993,http://sa.reddit.com/r/Gaming4Gamers/#sa
994,http://qu.reddit.com/r/Gaming4Gamers/#qu
995,http://www.reddit.com/r/Gaming4Gamers
996,http://www.reddit.com/r/assassinscreed
997,http://an.reddit.com/r/Gaming4Gamers/#an
998,http://ne.reddit.com/r/Gaming4Gamers/#ne
999,http://cr.reddit.com/r/Gaming4Gamers/#cr
1000,http://www.reddit.com/r/ffxi/
1001,http://www.reddit.com/r/FireEmblem
1002,http://www.reddit.com/r/rpg
1003,http://www.reddit.com/r/Ni_no_Kuni
1004,http://www.reddit.com/r/wrpg/
1005,http://www.reddit.com/r/zelda/
1006,http://www.reddit.com/r/MonsterHunter/
1007,http://www.reddit.com/r/skyrim/
1008,http://www.reddit.com/r/PSO2/
1009,http://www.reddit.com/r/SaGa/
1010,http://www.reddit.com/r/dragonquest
1011,http://www.reddit.com/r/dwarffortress/
1012,http://www.reddit.com/r/torchlight
1013,http://www.reddit.com/r/ffxiv/
1014,http://www.reddit.com/r/spiral_knights/
1015,http://www.reddit.com/r/themakingof
1016,http://www.reddit.com/r/didyouknowgaming
1017,http://www.reddit.com/r/TheMakingOfGames/submit?selftext=true
1018,http://www.reddit.com/r/TheMakingOfGames/wiki/index
1019,http://www.reddit.com/r/gamernews/
1020,http://www.reddit.com/r/TheMakingOfGames/submit
1021,http://www.reddit.com/r/gamedev/
1022,http://www.reddit.com/r/TheMakingOfGames/
1023,http://www.reddit.com/r/Anook/submit
1024,http://www.reddit.com/r/Anook/submit?selftext=true
1025,http://www.reddit.com/r/enhancement/
1026,http://www.reddit.com/r/Anook/
1027,http://www.reddit.com/r/gamernews/submit
1028,http://www.reddit.com/r/gamernews/wiki/declaration-of-moderation
1029,http://www.reddit.com/r/gamernews/wiki/submission-not-showing
1030,http://www.reddit.com/r/gamernews/wiki/rules
1031,http://www.reddit.com/r/toolbox/wiki/about
1032,http://www.reddit.com/r/boxed
1033,http://www.reddit.com/r/creesch/wiki/mod-collection
1034,http://www.reddit.com/r/creesch
1035,http://www.reddit.com/r/creesch/wiki/mod101
1036,http://www.reddit.com/r/ShouldIbuythisgame
1037,http://www.reddit.com/r/LowEndGaming
1038,http://www.reddit.com/r/BuildaPCSales
1039,http://www.reddit.com/r/GameBundles
1040,http://www.reddit.com/r/PatientGamers
1041,http://www.reddit.com/r/AppHookup
1042,http://www.reddit.com/r/pcgaming
1043,http://www.reddit.com/r/hardware
1044,http://www.reddit.com/r/pcmods
1045,http://www.reddit.com/r/techsupport
1046,http://www.reddit.com/r/windows
1047,http://www.reddit.com/r/suggestalaptop
1048,http://www.reddit.com/r/tech
1049,http://www.reddit.com/r/hackintosh
1050,http://www.reddit.com/r/battlestations
1051,http://www.reddit.com/r/overclocking
1052,http://www.reddit.com/r/hardwareswap
1053,http://www.reddit.com/r/gaming/comments/1gnlvh/mod_post_clarification_on_rule_1/
1054,http://www.reddit.com/r/gaming/submit
1055,http://www.reddit.com/r/gaming/comments/utoql/scammed_by_someone_on_rgaming_what_to_do_what_not/
1056,http://www.reddit.com/r/gaming/comments/m1pry/a_friendly_reminder_to_rgaming_talking_about/
1057,http://www.reddit.com/r/gaming/submit?selftext=true
1058,http://www.reddit.com/r/gaming/about/moderators
1059,http://www.reddit.com/r/Gamingstories/submit?selftext=true
1060,http://www.reddit.com/r/Gamingstories/
1061,http://www.reddit.com/r/tipofmypenis/submit?sidebar&title=%5BTOMP%5D
1062,http://www.reddit.com/r/ineedaname
1063,http://www.reddit.com/r/whatstheword
1064,http://www.reddit.com/r/yester
1065,http://www.reddit.com/r/whatisthisthing/
1066,http://www.reddit.com/r/tipofmypenis
1067,http://www.reddit.com/r/truegaming/submit?selftext=true
1068,http://www.reddit.com/r/truegaming/comments/1qke4j/before_you_post_a_rtruegaming_guide/
1069,http://www.reddit.com/r/retrogaming
1070,http://www.reddit.com/r/gamingsuggestions/submit?selftext=true
1071,http://www.reddit.com/r/gamingsuggestions/submit
1072,http://www.reddit.com/r/findareddit
1073,http://www.reddit.com/r/Ideasforaskreddit
1074,http://www.reddit.com/r/4sentencegamereviews
1075,http://www.reddit.com/r/GameRanks/
1076,http://www.reddit.com/r/Games/wiki/rules
1077,http://www.reddit.com/r/Games/comments/13ti3e/mowing_the_astroturf/
1078,http://www.reddit.com/r/Games/submit
1079,http://www.reddit.com/r/Games/wiki/faq
1080,http://www.reddit.com/r/Games/comments/1ozdnd/state_of_the_subreddit_october_22nd_2013/cf0hrm7
1081,http://www.reddit.com/r/Games/search?q=author%3AGamingBot+OR+author%3AAutoModerator+AND+playing&restrict_sr=on&sort=new&t=all
1082,http://www.reddit.com/r/Games/comments/1ozdnd/state_of_the_subreddit_october_22nd_2013/cf6ytrq
1083,http://www.reddit.com/r/Games/comments/1ozdnd/state_of_the_subreddit_october_22nd_2013/cf42ary
1084,http://www.reddit.com/r/Games/about/moderators
1085,http://www.reddit.com/r/Games/comments/1ozdnd/state_of_the_subreddit_october_22nd_2013/cf6yygu
1086,http://www.reddit.com/r/Games/comments/1ozdnd/state_of_the_subreddit_october_22nd_2013/cf368pz
1087,http://www.reddit.com/r/Games/submit?selftext=true
1088,http://www.reddit.com/r/Games/search?q=author%3AGamingBot+OR+author%3AAutoModerator+AND+suggestion&restrict_sr=on&sort=new&t=all
1089,http://www.reddit.com/r/girlgamers
1090,http://www.reddit.com/r/videogamereviews
1091,http://www.reddit.com/r/elevatedgaming
1092,http://www.reddit.com/r/GameCult
1093,http://www.reddit.com/r/gamedesign/
1094,http://www.reddit.com/r/gamedesign/submit?selftext=true
1095,http://www.reddit.com/r/gamedesign/submit
1096,http://www.reddit.com/r/gamedev/search?q=flair%3AShowcase&restrict_sr=on&sort=new
1097,http://www.reddit.com/r/gamedev/search?q=flair%3ASSS&sort=new&restrict_sr=on
1098,http://www.reddit.com/r/gamedev/search?q=flair%3AMM&restrict_sr=on&sort=new
1099,http://www.reddit.com/r/gamedev/wiki/getting_started
1100,http://www.reddit.com/r/gamedev/submit?selftext=true
1101,http://www.reddit.com/r/gamedev/wiki/posting_guidelines_faq
1102,http://www.reddit.com/r/gamedev/search?q=flair%3Adaily&restrict_sr=on&sort=new&t=all
1103,http://www.reddit.com/r/gamedev/about/moderators
1104,http://www.reddit.com/r/gamedev/wiki/index
1105,http://www.reddit.com/r/gamedev/search?q=flair%3ASTS&restrict_sr=on&sort=new
1106,http://www.reddit.com/r/gamedev/search?q=flair%3AFF&sort=new&restrict_sr=on
1107,http://www.reddit.com/r/ludology/
1108,http://www.reddit.com/r/ludology/submit
1109,http://www.reddit.com/r/ludology/submit?selftext=true
1110,http://www.reddit.com/r/willitintelhd
1111,http://www.reddit.com/r/CanIRunThisGame/
1112,http://www.reddit.com/r/CanIRunThisGame
1113,http://www.reddit.com/r/RepublicOfAtheism
1114,http://www.reddit.com/r/RepublicOfPolitics
1115,http://www.reddit.com/r/RepublicOfNews
1116,http://www.reddit.com/r/RepublicOfPics
1117,http://www.reddit.com/r/RepublicOfGaming
1118,http://www.reddit.com/r/RepublicOfGaming/submit
1119,http://www.reddit.com/r/RepublicOfVids
1120,http://www.reddit.com/r/RepublicOfGaming/
1121,http://www.reddit.com/r/RepublicOfReddit/comments/n1ovi/important_more_changes_coming_down_the_pipeline/
1122,http://www.reddit.com/r/RepublicOfFunny
1123,http://www.reddit.com/r/RepublicOfGaming/submit?selftext=true
1124,http://www.reddit.com/r/RepublicOfMusic
1125,http://www.reddit.com/r/RepublicOfReddit
1126,http://www.reddit.com/r/RepublicOfReddit+RepublicOfAtheism+RepublicOfFunny+RepublicOfGaming+RepublicOfMusic+RepublicOfNews+RepublicOfPics+RepublicOfPolitics+RepublicOfModeration
1127,http://www.reddit.com/r/RepublicOfModeration
1128,http://www.reddit.com/r/OnlineGames
1129,http://www.reddit.com/r/catsplayingvideogames
1130,http://www.reddit.com/r/gamejams/
1131,http://www.reddit.com/r/gamejams/submit?selftext=true
1132,http://www.reddit.com/r/gamejams/submit
1133,http://www.reddit.com/r/gamedev/comments/r6lvu/has_anyone_here_ever_made_a_2d_game_in_unity/c43b7l3
1134,http://www.reddit.com/r/Unity2D
1135,http://www.reddit.com/r/DevTeams
1136,http://www.reddit.com/r/redditlogos
1137,http://www.reddit.com/r/CSharpGames
1138,http://www.reddit.com/r/unity_tutorials
1139,http://www.reddit.com/r/Unity
1140,http://www.reddit.com/r/greenlightquality
1141,http://www.reddit.com/r/opengl/
1142,http://reddit.com/r/computergraphics
1143,http://www.reddit.com/r/opengl/wiki/index
1144,http://www.reddit.com/r/opengl/submit
1145,http://reddit.com/r/gamedev
1146,http://www.reddit.com/r/opengl/submit?selftext=true
1147,http://www.reddit.com/r/INAT
1148,http://sh.reddit.com/r/gameDevClassifieds/#sh
1149,http://www.reddit.com/r/gameDevClassifieds/comments/gw8ko/made_a_good_example_of_a_musicians_post_looking/
1150,http://www.reddit.com/r/gameDevClassifieds/comments/gvzj9/perfect_example_of_an_ad_looking_for_a_programmer/
1151,http://tw.reddit.com/r/gameDevClassifieds/#tw
1152,http://qw.reddit.com/r/gameDevClassifieds/#qw
1153,http://dh.reddit.com/r/gameDevClassifieds/#dh
1154,http://lw.reddit.com/r/gameDevClassifieds/#lw
1155,http://www.reddit.com/r/truegamedev/
1156,http://www.reddit.com/r/gameDevClassifieds/comments/gvzcc/an_example_of_a_post_looking_for_an_artist_1000hr/
1157,http://lh.reddit.com/r/gameDevClassifieds/#lh
1158,http://dw.reddit.com/r/gameDevClassifieds/#dw
1159,http://pw.reddit.com/r/gameDevClassifieds/#pw
1160,http://wh.reddit.com/r/gameDevClassifieds/#wh
1161,http://mw.reddit.com/r/gameDevClassifieds/#mw
1162,http://ah.reddit.com/r/gameDevClassifieds/#ah
1163,http://www.reddit.com/r/gameDevClassifieds/submit?selftext=true
1164,http://th.reddit.com/r/gameDevClassifieds/#th
1165,http://ww.reddit.com/r/gameDevClassifieds/#ww
1166,http://sw.reddit.com/r/gameDevClassifieds/#sw
1167,http://www.reddit.com/r/gameDevClassifieds/submit
1168,http://zh.reddit.com/r/gameDevClassifieds/#zh
1169,http://www.reddit.com/r/gameDevClassifieds/wiki/index
1170,http://cw.reddit.com/r/gameDevClassifieds/#cw
1171,http://ph.reddit.com/r/gameDevClassifieds/#ph
1172,http://mh.reddit.com/r/gameDevClassifieds/#mh
1173,http://aw.reddit.com/r/gameDevClassifieds/#aw
1174,http://zw.reddit.com/r/gameDevClassifieds/#zw
1175,http://qh.reddit.com/r/gameDevClassifieds/#qh
1176,http://www.reddit.com/r/gameDevClassifieds/
1177,http://www.reddit.com/r/learnprogramming/wiki/index#toc_12
1178,http://www.reddit.com/r/learnprogramming/wiki/online#toc_2
1179,http://www.reddit.com/r/learnprogramming/wiki/online#toc_3
1180,http://www.reddit.com/r/learnprogramming/wiki/online#toc_0
1181,http://www.reddit.com/r/learnprogramming/wiki/online#toc_1
1182,http://www.reddit.com/r/learnprogramming/wiki/faq#toc_10
1183,http://www.reddit.com/r/learnprogramming/wiki/faq
1184,http://www.reddit.com/r/learnprogramming/wiki/faq#toc_3
1185,http://www.reddit.com/r/learnprogramming/wiki/faq#toc_4
1186,http://www.reddit.com/r/learnprogramming/wiki/faq#toc_5
1187,http://www.reddit.com/r/learnprogramming/wiki/faq#toc_6
1188,http://www.reddit.com/r/learnprogramming/wiki/faq#toc_7
1189,http://www.reddit.com/r/learnprogramming/wiki/faq#toc_8
1190,http://www.reddit.com/r/learnprogramming/
1191,http://www.reddit.com/r/learnprogramming/wiki/faq#toc_9
1192,http://www.reddit.com/r/learnprogramming/wiki/faq#toc_1
1193,http://www.reddit.com/r/learnprogramming/wiki/faq#toc_2
1194,http://www.reddit.com/r/learnprogramming/wiki/books
1195,http://www.reddit.com/r/learnprogramming/wiki/index#toc_1
1196,http://www.reddit.com/r/learnprogramming/wiki/tools
1197,http://www.reddit.com/r/learnprogramming/wiki/index#toc_3
1198,http://www.reddit.com/r/learnprogramming/wiki/index#toc_4
1199,http://www.reddit.com/r/learnprogramming/submit?selftext=true
1200,http://www.reddit.com/r/learnprogramming/wiki/index#toc_10
1201,http://www.reddit.com/r/learnprogramming/wiki/index#toc_9
1202,http://www.reddit.com/r/gameassets/
1203,http://www.reddit.com/r/gameassets/submit
1204,http://www.reddit.com/r/gameassets/submit?selftext=true
1205,http://www.reddit.com/r/truegamedev/submit?selftext=true
1206,http://www.reddit.com/r/programming
1207,http://www.reddit.com/r/truegamedev/about/moderators
1208,http://www.reddit.com/r/coding
1209,http://www.reddit.com/r/truegamedev/submit
1210,http://www.reddit.com/r/AudioPost
1211,http://www.reddit.com/r/AudioEngineering
1212,http://www.reddit.com/r/MAVGSoundDepartment
1213,http://www.reddit.com/r/ProAudioSPAM
1214,http://www.reddit.com/r/LocationSound
1215,http://www.reddit.com/r/RateMyAudio
1216,http://www.reddit.com/r/Music
1217,http://www.reddit.com/r/IndieGames
1218,http://www.reddit.com/r/StudioPorn
1219,http://www.reddit.com/r/ProTools
1220,http://www.reddit.com/r/leveldesign/submit?selftext=true
1221,http://www.reddit.com/r/leveldesign/
1222,http://www.reddit.com/r/usemysoftware
1223,http://reddit.com/r/playmygame
1224,http://www.reddit.com/r/playmygame/search?q=title:%22android%22&restrict_sr=on&sort=new
1225,http://www.reddit.com/r/playmygame
1226,http://www.reddit.com/r/playmygame/search?q=title:%22Event%22&restrict_sr=on&sort=new
1227,http://www.reddit.com/r/playmygame/search?q=title:%22ios%22&restrict_sr=on&sort=new
1228,http://www.reddit.com/r/playmygame/search?q=title:%22Alpha%22&restrict_sr=on&sort=new
1229,http://www.reddit.com/r/playmygame/message/compose?to=/r/playmygame&subject=Special+Flair&message=**Games%20you%20have%20developed:**
1230,http://www.reddit.com/r/Platformer
1231,http://www.reddit.com/r/playmygame/
1232,http://www.reddit.com/r/playmygame/search?q=title:%22meta%22&restrict_sr=on&sort=new
1233,http://www.reddit.com/r/Gamedev
1234,http://www.reddit.com/r/Youshouldplay
1235,http://www.reddit.com/r/SmallAwesomeGames
1236,http://www.reddit.com/r/playmygame/comments/1n5cjg/meta_so_our_1_year_anniversary_is_coming_up_soon/
1237,http://www.reddit.com/r/playmygame/search?q=title:%22demo%22&restrict_sr=on&sort=new
1238,http://www.reddit.com/r/playmygame/search?q=title:%22beta%22&restrict_sr=on&sort=new
1239,http://www.reddit.com/r/playmygame/search?q=title:%22update%22&restrict_sr=on&sort=new
1240,http://www.reddit.com/r/playmygame/search?q=title:%22completed%22&restrict_sr=on&sort=new
1241,http://www.reddit.com/r/playmygame/submit?selftext=true
1242,http://www.reddit.com/r/devblogs/submit
1243,http://www.reddit.com/r/devblogs/
1244,http://www.reddit.com/r/devblogs/submit?selftext=true
1245,http://reddit.com/r/gamedeals
1246,http://reddit.com/r/gameswap
1247,http://reddit.com/r/GameSociety
1248,http://www.reddit.com/r/GiftOfGames
1249,http://www.reddit.com/r/steamgameswap/#/mbutton/p/right/c/lblue/
1250,http://www.reddit.com/r/steamgameswap/search?q=flair%3Asteamgift&restrict_sr=on&sort=new#rd
1251,http://www.reddit.com/r/steamgameswap/search?q=flair%3Astore&restrict_sr=on&sort=new#store
1252,http://www.reddit.com/r/sgs
1253,http://www.reddit.com/r/IndieGameSwap
1254,http://www.reddit.com/r/GameSale
1255,http://www.reddit.com/r/GameSwap
1256,http://www.reddit.com/r/Dota2Trade
1257,http://www.reddit.com/r/SteamCoupons
1258,http://www.reddit.com/r/globaloffensivetrade
1259,http://www.reddit.com/r/steamgameswap/#rd
1260,http://www.reddit.com/r/PlayItForward
1261,http://www.reddit.com/r/TF2Trade
1262,http://zz.reddit.com/r/steamgameswap/#/mbutton/p/left/c/lblue/
1263,http://www.reddit.com/r/SteamTradingCards
1264,http://www.reddit.com/r/sgsflair/#/button/p/right/c/black/
1265,http://www.reddit.com/r/STO
1266,http://www.reddit.com/r/RotMG
1267,http://www.reddit.com/r/WoW
1268,http://www.reddit.com/r/Defiance
1269,http://www.reddit.com/r/SWGEmu
1270,http://www.reddit.com/r/SWTOR
1271,http://www.reddit.com/r/DAoC
1272,http://www.reddit.com/r/RagnarokOnline
1273,http://www.reddit.com/r/WorldofDarkness
1274,http://www.reddit.com/r/MapleStory
1275,http://www.reddit.com/r/FFXIV
1276,http://www.reddit.com/r/Spiral_Knights
1277,http://www.reddit.com/r/GuildWars
1278,http://www.reddit.com/r/GuildWars2
1279,http://www.reddit.com/r/UltimaOnline
1280,http://www.reddit.com/r/EverQuest
1281,http://www.reddit.com/r/Darkfall
1282,http://www.reddit.com/r/Rift
1283,http://www.reddit.com/r/RuneScape
1284,http://www.reddit.com/r/BlackDesertOnline
1285,http://www.reddit.com/r/DragonNest
1286,http://www.reddit.com/r/FFXI
1287,http://www.reddit.com/r/2007Scape/
1288,http://www.reddit.com/r/TheSecretWorld
1289,http://www.reddit.com/r/MarvelHeroes
1290,http://www.reddit.com/r/CamelotUnchained
1291,http://www.reddit.com/r/DDO
1292,http://www.reddit.com/r/Wildstar
1293,http://www.reddit.com/r/PSO2
1294,http://www.reddit.com/r/DCUOnline
1295,http://www.reddit.com/r/EVE
1296,http://www.reddit.com/r/Lineage2
1297,http://www.reddit.com/r/EQ2
1298,http://www.reddit.com/r/PSO
1299,http://www.reddit.com/r/TERAOnline
1300,http://www.reddit.com/r/RagnarokOnline2
1301,http://www.reddit.com/r/Neverwinter
1302,http://www.reddit.com/r/ElderScrollsOnline
1303,http://www.reddit.com/r/EQNext
1304,http://www.reddit.com/r/ArcheAge
1305,http://www.reddit.com/r/Vindictus
1306,http://www.reddit.com/r/LotRO
1307,http://www.reddit.com/r/Dust514
1308,http://www.reddit.com/r/Aion
1309,http://www.reddit.com/r/EQOA
1310,http://www.reddit.com/r/RandomActsOfTF2
1311,http://www.reddit.com/r/tf2
1312,http://www.reddit.com/r/tf2trade
1313,http://www.reddit.com/r/TrueTF2
1314,http://www.reddit.com/r/TF2LFT
1315,http://www.reddit.com/r/pagetoscreen
1316,http://www.reddit.com/r/readinggroup
1317,http://www.reddit.com/r/Fantasy_Bookclub
1318,http://www.reddit.com/r/askliterarystudies
1319,http://www.reddit.com/r/stephenkingbookclub
1320,http://www.reddit.com/r/literature
1321,http://www.reddit.com/r/philosophybookclub
1322,http://www.reddit.com/r/HistoryNetwork
1323,http://www.reddit.com/r/write
1324,http://www.reddit.com/r/TravelingBooks
1325,http://www.reddit.com/r/books
1326,http://www.reddit.com/r/SF_Book_Club
1327,http://www.reddit.com/r/kindlefree
1328,http://www.reddit.com/r/GameDeals/w/affiliate#wiki_how_do_i_use_an_affiliate_link.3F
1329,http://reddit.com/r/GameDeals/new/
1330,http://www.reddit.com/r/GameDealsMeta/submit?sidebar
1331,http://www.reddit.com/r/GameDeals/w/rules
1332,http://www.reddit.com/r/GameDeals/submit?resubmit=true&title=%5BStore%20Name%5D%20Detailed%20Description%20(Price%20and%20percent%20off)&sidebar
1333,http://www.reddit.com/r/GameDeals/about/moderators
1334,http://www.reddit.com/r/GameDeals/w/faq
1335,http://www.reddit.com/r/GameDeals/submit
1336,http://www.reddit.com/r/GameDeals/submit?selftext=true
1337,http://reddit.com/r/GameDeals/hot/
1338,http://www.reddit.com/r/GameDealsMeta
1339,http://www.reddit.com/r/risk
1340,http://www.reddit.com/r/fireballisland
1341,http://www.reddit.com/r/digitaltabletop
1342,http://www.reddit.com/r/TwilightImperium
1343,http://www.reddit.com/r/diplomacy
1344,http://www.reddit.com/r/scrabble
1345,http://www.reddit.com/r/CrowdfundedBoardgames
1346,http://www.reddit.com/r/innovationgame
1347,http://www.reddit.com/r/Shogi
1348,http://www.reddit.com/r/battlecon
1349,http://www.reddit.com/r/netrunner
1350,http://www.reddit.com/r/HelpMeExplainRules
1351,http://www.reddit.com/r/Chess
1352,http://www.reddit.com/r/Summoner_Wars
1353,http://www.reddit.com/r/boardgameporn
1354,http://www.reddit.com/r/backgammon
1355,http://www.reddit.com/r/iosboardgames
1356,http://www.reddit.com/r/TheGameOfHive
1357,http://www.reddit.com/r/xwingtmg
1358,http://www.reddit.com/r/Mahjong
1359,http://www.reddit.com/r/sentinelsmultiverse
1360,http://www.reddit.com/r/abstractgames
1361,http://www.reddit.com/r/Cosmic_Encounter/
1362,http://www.reddit.com/r/munchkin
1363,http://www.reddit.com/r/EclipseBG
1364,http://www.reddit.com/r/StarWarsLCG
1365,http://www.reddit.com/r/baduk
1366,http://www.reddit.com/r/Pathfinder_ACG
1367,http://www.reddit.com/r/dominion
1368,http://www.reddit.com/r/AGOTBoardGame
1369,http://www.reddit.com/r/catan
1370,http://www.reddit.com/r/wargames
1371,http://www.reddit.com/r/carcassonne
1372,http://www.reddit.com/r/ArkhamHorror
1373,http://www.reddit.com/r/trailers
1374,http://www.reddit.com/r/MovieOfTheDay
1375,http://www.reddit.com/r/dvdcollection
1376,http://www.reddit.com/r/rottenpotatoes
1377,http://www.reddit.com/r/movies/
1378,http://www.reddit.com/r/foreignmovies
1379,http://www.reddit.com/r/badmovies
1380,http://www.reddit.com/r/tvclub/
1381,http://www.reddit.com/r/classicfilms/
1382,http://www.reddit.com/r/MovieSuggestions
1383,http://www.reddit.com/r/televisionclub/
1384,http://www.reddit.com/r/movieaweek
1385,http://www.reddit.com/r/underratedmovies
1386,http://www.reddit.com/r/plotholes
1387,http://www.reddit.com/r/NewMoviesDiscussion
1388,http://www.reddit.com/r/boardgames/
1389,http://www.reddit.com/r/worldbuilding/
1390,http://www.reddit.com/r/rpgresources/
1391,http://www.reddit.com/r/crowdfundedboardgames
1392,http://www.reddit.com/r/wargames/
1393,http://www.reddit.com/r/rpg/
1394,http://www.reddit.com/r/IndieGaming/submit
1395,http://www.reddit.com/r/IndieGaming/comments/hhim2/havent_seen_it_posted_before_so_for_lack_of_a/
1396,http://www.reddit.com/r/IndieGaming/submit?selftext=true
1397,http://www.reddit.com/r/ShredditGirls/submit
1398,http://www.reddit.com/r/ShredditGirls/
1399,http://www.reddit.com/r/ShredditGirls/submit?selftext=true
1400,http://www.reddit.com/r/SkateSpotPorn
1401,http://www.reddit.com/r/mountainboarding
1402,http://www.reddit.com/r/FullSkateVideos
1403,http://www.reddit.com/r/ClassicSkateboarding
1404,http://www.reddit.com/r/skateboardcirclejerk
1405,http://www.reddit.com/r/Trickipedia
1406,http://www.reddit.com/r/StreetSkateboarding
1407,http://www.reddit.com/r/NewSkaters
1408,http://www.reddit.com/r/snowskating
1409,http://www.reddit.com/r/StreetWear
1410,http://www.reddit.com/r/TexasSkateboarding
1411,http://www.reddit.com/r/Snowskating/submit
1412,http://www.reddit.com/r/Snowskating/submit?selftext=true
1413,http://www.reddit.com/r/thelongedit
1414,http://www.reddit.com/r/adrenaline/submit?selftext=true
1415,http://www.reddit.com/r/adrenaline/new/
1416,http://www.reddit.com/r/adrenaline/submit
1417,http://www.reddit.com/r/adrenaline/
1418,http://www.reddit.com/r/Longboarding
1419,http://www.reddit.com/r/Kiteboarding/wiki/index
1420,http://www.reddit.com/r/Snowboarding
1421,http://www.reddit.com/r/Kiteboarding/submit?selftext=true
1422,http://www.reddit.com/r/Kiteboarding/submit
1423,http://www.reddit.com/r/Surfing
1424,http://www.reddit.com/r/Streetboarding
1425,http://www.reddit.com/r/Kites
1426,http://www.reddit.com/r/Wake
1427,http://www.reddit.com/r/snowkiting
1428,http://www.reddit.com/r/Skateboarding
1429,http://www.reddit.com/r/LocalSnowboarding/
1430,http://www.reddit.com/r/LocalSnowboarding/submit?selftext=true
1431,http://www.reddit.com/r/Reddit_Reputation
1432,http://www.reddit.com/r/GearTrade/
1433,http://www.reddit.com/r/GearTrade/submit
1434,http://www.reddit.com/r/GearTrade/submit?selftext=true
1435,http://www.reddit.com/r/CampingandHiking
1436,http://www.reddit.com/r/CampingGear
1437,http://www.reddit.com/r/ClassicCars
1438,http://reddit.com/r/pornoverlords
1439,http://www.reddit.com/r/Autos
1440,http://www.reddit.com/r/SupercarPorn
1441,http://www.reddit.com/r/Wallpapers
1442,http://www.reddit.com/r/ToolPorn
1443,http://www.reddit.com/r/Camaro
1444,http://www.reddit.com/r/CarReviews
1445,http://www.reddit.com/r/ShootingCars
1446,http://www.reddit.com/r/Jaguar
1447,http://www.reddit.com/r/TopGear
1448,http://www.reddit.com/r/CGCarPorn
1449,http://www.reddit.com/r/EarthPorn/comments/r3j13/meta_earthporn_will_be_undergoing_a_trial_period/c42m6hg
1450,http://www.reddit.com/r/ImaginaryVehicles
1451,http://www.reddit.com/r/Chevy
1452,http://www.reddit.com/r/JustRolledIntotheShop
1453,http://www.reddit.com/r/Volkswagen
1454,http://www.reddit.com/r/MotorcyclePorn
1455,http://www.reddit.com/r/CoolWall
1456,http://www.reddit.com/r/thewholecar
1457,http://www.reddit.com/r/PoliceChases
1458,http://www.reddit.com/r/UserCars
1459,http://www.reddit.com/r/ImaginaryTechnology
1460,http://www.reddit.com/r/RallyPorn
1461,http://www.reddit.com/r/Dodge
1462,http://www.reddit.com/r/ExoticSpotting
1463,http://www.reddit.com/r/Imports
1464,http://www.reddit.com/r/ITookAPicture
1465,http://www.reddit.com/r/Wallpaper
1466,http://www.reddit.com/r/350z
1467,http://www.reddit.com/r/CarbonFiber
1468,http://www.reddit.com/r/nhra
1469,http://www.reddit.com/r/Motorsport
1470,http://www.reddit.com/r/IndyCar
1471,http://www.reddit.com/r/SuckSquishBangBlow
1472,http://www.reddit.com/r/StartMotorSport
1473,http://www.reddit.com/r/Formula1
1474,http://www.reddit.com/r/MotoRacing
1475,http://www.reddit.com/r/MotorSports
1476,http://www.reddit.com/r/Drifting
1477,http://www.reddit.com/r/Ram_Trucks
1478,http://www.reddit.com/r/Mercedes_benz
1479,http://www.reddit.com/r/Charger
1480,http://www.reddit.com/r/americancarsnetwork
1481,http://www.reddit.com/r/Dodge/submit?selftext=true
1482,http://www.reddit.com/r/AskCarSales
1483,http://www.reddit.com/r/AutomotiveTraining
1484,http://www.reddit.com/r/CoolCarsForSale
1485,http://www.reddit.com/r/Mopar
1486,http://www.reddit.com/r/Dodge/submit
1487,http://www.reddit.com/r/GMC_cars
1488,http://www.reddit.com/r/Usercars
1489,http://www.reddit.com/r/Dodge/
1490,http://www.reddit.com/r/DodgeDakota
1491,http://www.reddit.com/r/Topgear
1492,http://www.reddit.com/r/Trucks
1493,http://www.reddit.com/r/Carporn
1494,http://www.reddit.com/r/Ford
1495,http://www.reddit.com/r/Cartalk
1496,http://www.reddit.com/r/Autos/wiki/subreddits
1497,http://www.reddit.com/r/Autos/submit?selftext=true
1498,http://www.reddit.com/r/Autos/wiki/rules
1499,http://www.reddit.com/r/Autos/submit
1500,http://www.reddit.com/r/Autos/
1501,http://reddit.com/r/Cars
1502,http://www.reddit.com/r/Drifting/
1503,http://reddit.com/r/Motorsports
1504,http://reddit.com/r/Cartalk
1505,http://www.reddit.com/r/Mazda/
1506,http://reddit.com/r/formula1
1507,http://reddit.com/r/Motorcycles
1508,http://www.reddit.com/r/CarsandGirls/
1509,http://reddit.com/r/TopGear
1510,http://www.reddit.com/r/coolcarsforsale
1511,http://reddit.com/r/Rally
1512,http://www.reddit.com/r/btcc
1513,http://www.redit.com/r/wec
1514,http://www.reddit.com/r/DRZ400
1515,http://www.reddit.com/r/WR450
1516,http://www.reddit.com/r/dualsport
1517,http://www.reddit.com/r/mechanicadvice
1518,http://www.reddit.com/r/dodge
1519,http://www.reddit.com/r/coolcarsforsale/
1520,http://www.reddit.com/r/cars/
1521,http://www.reddit.com/r/automotivetraining/
1522,http://www.reddit.com/r/askcarsales/
1523,http://www.reddit.com/r/autos/
1524,http://www.reddit.com/r/Subaru/
1525,http://www.reddit.com/r/usercars/
1526,http://www.reddit.com/r/CarReviews/
1527,http://www.reddit.com/r/LocalDetailing/
1528,http://www.reddit.com/r/Fiat/
1529,http://www.reddit.com/r/JustRolledIntoTheShop/
1530,http://www.reddit.com/r/motorsports/
1531,http://www.reddit.com/r/carwraps/
1532,http://www.reddit.com/r/detailswap/
1533,http://www.reddit.com/r/mechanicadvice/
1534,http://www.reddit.com/r/projectcar/
1535,http://www.reddit.com/r/mazda/
1536,http://www.reddit.com/r/Lexus/
1537,http://www.reddit.com/r/saab/
1538,http://www.reddit.com/r/volvo/search?q=flair%3Aclassic&restrict_sr=on&sort=new&t=all#topicclassic
1539,http://www.reddit.com/r/volvo/search?q=flair%3A164&restrict_sr=on&sort=new&t=all#topic164
1540,http://www.reddit.com/r/Sweden/
1541,http://www.reddit.com/r/Cars/
1542,http://www.reddit.com/r/volvo/search?q=flair%3A140series&restrict_sr=on&sort=new&t=all#topic140
1543,http://www.reddit.com/r/BMW
1544,http://www.reddit.com/r/ClassicMinis
1545,http://www.reddit.com/r/MINI/submit
1546,http://www.reddit.com/r/CarPorn
1547,http://www.reddit.com/r/MINI/
1548,http://www.reddit.com/r/MINI/submit?selftext=true
1549,http://www.reddit.com/r/JustRolledIntoTheShop
1550,http://www.reddit.com/r/Hatchback
1551,http://www.reddit.com/r/mazda/comments/167a34/all_mazdas_service_manuals_online/
1552,http://www.reddit.com/r/mazda/comments/1zrowc/mazda_incentives_march_2014/
1553,http://www.reddit.com/r/Amateur_Racing
1554,http://www.reddit.com/r/mazda/submit?selftext=true
1555,http://www.reddit.com/r/Cars
1556,http://www.reddit.com/r/RX8
1557,http://www.reddit.com/r/mazda/submit
1558,http://www.reddit.com/r/mazda/comments/225zfo/monthly_mazda_photo_contest_april_submission/cgyb3hx
1559,http://www.reddit.com/r/CarTalk
1560,http://www.reddit.com/r/assettocorsa
1561,http://www.reddit.com/r/virtualWDC
1562,http://www.reddit.com/r/GASCAR
1563,http://www.reddit.com/r/pcars
1564,http://www.reddit.com/r/assettocorsa/comments/2549f0/update_09_released/
1565,http://www.reddit.com/r/Forza5Tunes
1566,http://www.reddit.com/r/gascar
1567,http://www.reddit.com/r/Nascar
1568,http://www.reddit.com/r/performancedriving/
1569,http://www.reddit.com/r/BritishTV/
1570,http://www.reddit.com/r/clarkson
1571,http://www.reddit.com/r/DrivingProTips
1572,http://www.reddit.com/r/TopGear/submit
1573,http://www.reddit.com/r/TopGear/
1574,http://www.reddit.com/r/drifting/
1575,http://www.reddit.com/r/TopGear/submit?selftext=true
1576,http://www.reddit.com/r/driving
1577,http://www.reddit.com/r/carporn/
1578,http://www.reddit.com/r/StartMotorsport
1579,http://www.reddit.com/r/TopGear/comments/26eu0u/cool_wall_2014_bmw_m4_cool_or_uncool/
1580,http://www.reddit.com/r/Cartalk/
1581,http://www.reddit.com/r/Fiat
1582,http://www.reddit.com/r/classiccars/
1583,http://www.reddit.com/r/TopGear/comments/20kpqi/rules_update_no_memes_allowed/
1584,http://www.reddit.com/r/FiestaST
1585,http://www.reddit.com/r/Fordranger
1586,http://www.reddit.com/r/Ford/
1587,http://www.reddit.com/r/Foxmustang
1588,http://www.reddit.com/r/FordExplorer
1589,http://www.reddit.com/r/Ford/submit
1590,http://www.reddit.com/r/CoyoteTalk
1591,http://www.reddit.com/r/Mustang
1592,http://www.reddit.com/r/FocusST
1593,http://www.reddit.com/r/Ford/submit?selftext=true
1594,http://www.reddit.com/r/Newedgemustang
1595,http://www.reddit.com/r/askcarsales
1596,http://www.reddit.com/r/MotorcyclesGoneWild
1597,http://www.reddit.com/r/dcrideit
1598,http://www.reddit.com/r/motorcycleporn
1599,http://www.reddit.com/r/triumph
1600,http://www.reddit.com/r/RocIDEIT
1601,http://www.reddit.com/r/scooters
1602,http://www.reddit.com/r/bayriders
1603,http://www.reddit.com/r/MotoLA
1604,http://www.reddit.com/r/hayabusa
1605,http://www.reddit.com/r/phillyriders
1606,http://www.reddit.com/r/motorcyclememes
1607,http://www.reddit.com/r/motorcyclepricing
1608,http://www.reddit.com/r/DenverMotorcycles
1609,http://www.reddit.com/r/kiwiriders
1610,http://www.reddit.com/r/motorcyclemacgyver
1611,http://www.reddit.com/r/ATLriders
1612,http://www.reddit.com/r/MVAgusta
1613,http://www.reddit.com/r/motorcyclecrash
1614,http://www.reddit.com/r/ridereports
1615,http://www.reddit.com/r/streetfighters
1616,http://www.reddit.com/r/RideitNYC
1617,http://www.reddit.com/r/bikesgonewild
1618,http://www.reddit.com/r/atvs
1619,http://www.reddit.com/r/rvaMotorcycles/
1620,http://www.reddit.com/r/Ridealberta
1621,http://www.reddit.com/r/250r
1622,http://www.reddit.com/r/TwoXriders/
1623,http://www.reddit.com/r/Dualsport
1624,http://www.reddit.com/r/Bobbers
1625,http://www.reddit.com/r/KCrideit
1626,http://www.reddit.com/r/thumpers
1627,http://www.reddit.com/r/FLriders
1628,http://www.reddit.com/r/OhioRiders
1629,http://www.reddit.com/r/bikesandbabes
1630,http://www.reddit.com/r/NortonMotorcycles
1631,http://www.reddit.com/r/caferacers
1632,http://www.reddit.com/r/AussieRiders
1633,http://www.reddit.com/r/SoCalRiders
1634,http://www.reddit.com/r/HoustonRiders
1635,http://www.reddit.com/r/Trackdays
1636,http://www.reddit.com/r/custombikes
1637,http://www.reddit.com/r/retrobikes
1638,http://www.reddit.com/r/RatBikes
1639,http://www.reddit.com/r/ridenewengland/
1640,http://www.reddit.com/r/VintageScooters
1641,http://www.reddit.com/r/bikebuilders
1642,http://www.reddit.com/r/motohunt
1643,http://www.reddit.com/r/randomactsofvroom
1644,http://www.reddit.com/r/cruisers
1645,http://www.reddit.com/r/hondacb
1646,http://www.reddit.com/r/RideitRelay
1647,http://www.reddit.com/r/michiganriders
1648,http://www.reddit.com/r/MotoUK
1649,http://www.reddit.com/r/NJriders
1650,http://www.reddit.com/r/elbanditos
1651,http://www.reddit.com/r/letsride
1652,http://www.reddit.com/r/svriders
1653,http://www.reddit.com/r/vintagemotorcycles
1654,http://www.reddit.com/r/ATGATT
1655,http://www.reddit.com/r/extrahand
1656,http://www.reddit.com/r/Motovlogging
1657,http://www.reddit.com/r/BadParking
1658,http://www.reddit.com/r/MArideit
1659,http://www.reddit.com/r/Mopped
1660,http://www.reddit.com/r/moped
1661,http://www.reddit.com/r/supersportmotorcycles
1662,http://www.reddit.com/r/ducati
1663,http://www.reddit.com/r/SydneyMotorcycles/
1664,http://www.reddit.com/r/RideitJapan
1665,http://www.reddit.com/r/MotorcycleWisconsin
1666,http://www.reddit.com/r/royalenfield
1667,http://www.reddit.com/r/touringbikes
1668,http://www.reddit.com/r/austinmotorcycles
1669,http://www.reddit.com/r/dirtbiking
1670,http://www.reddit.com/r/DallasRiders/
1671,http://www.reddit.com/r/StLriders
1672,http://www.reddit.com/r/motocamping
1673,http://www.reddit.com/r/RideitKrauts/
1674,http://www.reddit.com/r/speedway
1675,http://www.reddit.com/r/fixxit
1676,http://www.reddit.com/r/ChicagoMotorcycles
1677,http://www.reddit.com/r/sandiegoriders
1678,http://www.reddit.com/r/pnwriders
1679,http://www.reddit.com/r/HOGforNoobs
1680,http://www.reddit.com/r/motoGP
1681,http://www.reddit.com/r/AZrideit
1682,http://www.reddit.com/r/Motorrad
1683,http://www.reddit.com/r/realmotorcycles
1684,http://www.reddit.com/r/rideitnc/
1685,http://www.reddit.com/r/BikeGear
1686,http://www.reddit.com/r/harley
1687,http://www.reddit.com/r/bobbers
1688,http://www.reddit.com/r/ridevictoria
1689,http://www.reddit.com/r/rideithudsonvalley
1690,http://www.reddit.com/r/MNrideit/
1691,http://www.reddit.com/r/motoswap
1692,http://www.reddit.com/r/WTCC
1693,http://www.reddit.com/r/formulaE
1694,http://www.reddit.com/r/ShittyBuildingPorn
1695,http://www.reddit.com/r/subredditoftheday
1696,http://www.reddit.com/r/f1porn/wiki/faq
1697,http://www.reddit.com/r/Drifting/submit?selftext=true
1698,http://www.reddit.com/r/DriftTrikes
1699,http://www.reddit.com/r/performancedriving
1700,http://www.reddit.com/r/Drifting/submit
1701,http://www.reddit.com/r/Motorcycles
1702,http://www.reddit.com/r/scrapheap
1703,http://www.reddit.com/r/startmotorsport
1704,http://www.reddit.com/r/CarPartExchange
1705,http://www.reddit.com/r/Fitment
1706,http://www.reddit.com/r/carsandgirls
1707,http://www.reddit.com/r/Nissan
1708,http://www.reddit.com/r/Audi/submit
1709,http://www.reddit.com/r/Audisport
1710,http://www.reddit.com/r/Audi/
1711,http://www.reddit.com/r/Ducati
1712,http://www.reddit.com/r/Audi/submit?selftext=true
1713,http://www.reddit.com/r/Vagcom
1714,http://www.reddit.com/r/DTM
1715,http://www.reddit.com/r/RDT2/
1716,http://www.reddit.com/r/xbox360
1717,http://www.reddit.com/r/theclutch
1718,http://www.reddit.com/r/teamforza
1719,http://www.reddit.com/r/RDT3
1720,http://www.reddit.com/r/LeMansFM
1721,http://www.reddit.com/r/rdth
1722,http://www.reddit.com/r/racinggames
1723,http://www.reddit.com/r/diecast
1724,http://www.reddit.com/r/Jeep
